<?xml version="1.0" encoding="UTF-8"?>
<auditfile xmlns="urn:StandardAuditFile-Taxation-CashRegister:NO" xmlns:xsi="http://www.w3.org/2001/XMLSchema-instance" xsi:schemaLocation="urn:StandardAuditFile-Taxation-CashRegister:NO Norwegian_SAF-T_Cash_Register_Schema_v_1.00.xsd">
	<header>
		<fiscalYear>2020</fiscalYear>
		<startDate>2020-01-01</startDate>
		<endDate>2020-01-31</endDate>
		<curCode>NOK</curCode>
		<dateCreated>2021-03-30</dateCreated>
		<timeCreated>10:40:00</timeCreated>
		<softwareDesc>Kassasystemet</softwareDesc>
		<softwareVersion>3.14.1.3</softwareVersion>
		<softwareCompanyName>Kassasystemer AS</softwareCompanyName>
		<auditfileVersion>1.0</auditfileVersion>
		<headerComment>Selection criteria: Location A</headerComment>
		<userID>1000</userID>
	</header>
	<company>
		<companyIdent>999999999</companyIdent>
		<companyName>Selskapet ASA</companyName>
		<taxRegistrationCountry>NO</taxRegistrationCountry>
		<taxRegIdent>999999999MVA</taxRegIdent>
		<streetAddress>
			<streetname>Veien</streetname>
			<number>1</number>
			<city>Trondheim</city>
			<postalCode>7000</postalCode>
			<region>Sør-Trøndelag</region>
			<country>NO</country>
		</streetAddress>
		<postalAddress>
			<streetname>Veien</streetname>
			<number>1</number>
			<city>Trondheim</city>
			<postalCode>7000</postalCode>
			<region>Sør-Trøndelag</region>
			<country>NO</country>
		</postalAddress>
		<vatCodeDetails>
			<vatCodeDetail>
				<vatCode>0</vatCode>
				<dateOfEntry>2019-12-01</dateOfEntry>
				<vatDesc>VAT 0 %</vatDesc>
				<standardVatCode>0</standardVatCode>
			</vatCodeDetail>
			<vatCodeDetail>
				<vatCode>1</vatCode>
				<dateOfEntry>2019-12-01</dateOfEntry>
				<vatDesc>VAT 12 %</vatDesc>
				<standardVatCode>33</standardVatCode>
			</vatCodeDetail>
			<vatCodeDetail>
				<vatCode>2</vatCode>
				<dateOfEntry>2019-12-01</dateOfEntry>
				<vatDesc>VAT 15 %</vatDesc>
				<standardVatCode>31</standardVatCode>
			</vatCodeDetail>
			<vatCodeDetail>
				<vatCode>3</vatCode>
				<dateOfEntry>2019-12-01</dateOfEntry>
				<vatDesc>VAT 25 %</vatDesc>
				<standardVatCode>3</standardVatCode>
			</vatCodeDetail>
		</vatCodeDetails>
		<periods>
			<period>
				<periodNumber>1</periodNumber>
				<periodDesc>January</periodDesc>
				<startDatePeriod>2020-01-01</startDatePeriod>
				<startTimePeriod>08:00:00</startTimePeriod>
				<endDatePeriod>2020-01-31</endDatePeriod>
				<endTimePeriod>23:59:59</endTimePeriod>
			</period>
		</periods>
		<employees>
			<employee>
				<empID>1000</empID>
				<dateOfEntry>2019-12-01</dateOfEntry>
				<timeOfEntry>08:00:00</timeOfEntry>
				<firstName>Ola</firstName>
				<surName>Nordmann</surName>
				<employeeRole>
					<roleType>Manager</roleType>
					<roleTypeDesc>Manager</roleTypeDesc>
				</employeeRole>
			</employee>
			<employee>
				<empID>1001</empID>
				<dateOfEntry>2019-12-01</dateOfEntry>
				<timeOfEntry>08:00:00</timeOfEntry>
				<firstName>Kari</firstName>
				<surName>Nordmann</surName>
				<employeeRole>
					<roleType>Employee</roleType>
				</employeeRole>
			</employee>
		</employees>
		<articles>
			<article>
				<artID>1001</artID>
				<dateOfEntry>2019-12-01</dateOfEntry>
				<artGroupID>100</artGroupID>
				<artDesc>TineMelk Lett 1 l</artDesc>
			</article>
			<article>
				<artID>1002</artID>
				<dateOfEntry>2019-12-01</dateOfEntry>
				<artGroupID>100</artGroupID>
				<artDesc>Sportsbrød 750 g</artDesc>
			</article>
			<article>
				<artID>1003</artID>
				<dateOfEntry>2019-12-01</dateOfEntry>
				<artGroupID>100</artGroupID>
				<artDesc>Gulost Skivet 150 g</artDesc>
			</article>
			<article>
				<artID>2001</artID>
				<dateOfEntry>2019-12-01</dateOfEntry>
				<artGroupID>200</artGroupID>
				<artDesc>Marlboro Gold 20 stk</artDesc>
			</article>
			<article>
				<artID>3001</artID>
				<dateOfEntry>2019-12-01</dateOfEntry>
				<artGroupID>300</artGroupID>
				<artDesc>Tuborg Boks, 0,5l</artDesc>
			</article>
			<article>
				<artID>4001</artID>
				<dateOfEntry>2019-12-01</dateOfEntry>
				<artGroupID>400</artGroupID>
				<artDesc>Vare1</artDesc>
			</article>
			<article>
				<artID>4010</artID>
				<dateOfEntry>2019-12-01</dateOfEntry>
				<artGroupID>401</artGroupID>
				<artDesc>Vare2</artDesc>
			</article>
		</articles>
		<basics>
			<basic>
				<basicType>04</basicType>
				<basicID>100</basicID>
				<predefinedBasicID>04006</predefinedBasicID>
				<basicDesc>Food</basicDesc>
			</basic>
			<basic>
				<basicType>04</basicType>
				<basicID>300</basicID>
				<predefinedBasicID>04007</predefinedBasicID>
				<basicDesc>Beer</basicDesc>
			</basic>
			<basic>
				<basicType>04</basicType>
				<basicID>200</basicID>
				<predefinedBasicID>04013</predefinedBasicID>
				<basicDesc>Tobacco</basicDesc>
			</basic>
			<basic>
				<basicType>04</basicType>
				<basicID>400</basicID>
				<predefinedBasicID>04999</predefinedBasicID>
				<basicDesc>Other article group 1</basicDesc>
			</basic>
			<basic>
				<basicType>04</basicType>
				<basicID>401</basicID>
				<predefinedBasicID>04999</predefinedBasicID>
				<basicDesc>Other article group 2</basicDesc>
			</basic>
			<basic>
				<basicType>05</basicType>
				<basicID>SAL</basicID>
				<basicDesc>Sale line</basicDesc>
			</basic>
			<basic>
				<basicType>05</basicType>
				<basicID>RET</basicID>
				<basicDesc>Return line</basicDesc>
			</basic>
			<basic>
				<basicType>11</basicType>
				<basicID>CASHSAL</basicID>
				<predefinedBasicID>11001</predefinedBasicID>
				<basicDesc>Cash sale</basicDesc>
			</basic>
			<basic>
				<basicType>11</basicType>
				<basicID>RETURNSAL</basicID>
				<predefinedBasicID>11006</predefinedBasicID>
				<basicDesc>Return sale</basicDesc>
			</basic>
			<basic>
				<basicType>12</basicType>
				<basicID>CASH</basicID>
				<predefinedBasicID>12001</predefinedBasicID>
				<basicDesc>Cash</basicDesc>
			</basic>
			<basic>
				<basicType>12</basicType>
				<basicID>DEBCARD</basicID>
				<predefinedBasicID>12002</predefinedBasicID>
				<basicDesc>Debit card</basicDesc>
			</basic>
			<basic>
				<basicType>13</basicType>
				<basicID>ZREP</basicID>
				<predefinedBasicID>13009</predefinedBasicID>
				<basicDesc>Z report</basicDesc>
			</basic>
			<basic>
				<basicType>13</basicType>
				<basicID>DRAWOPEN</basicID>
				<predefinedBasicID>13005</predefinedBasicID>
				<basicDesc>Open cash drawer</basicDesc>
			</basic>
			<basic>
				<basicType>13</basicType>
				<basicID>DRAWOPENMAN</basicID>
				<predefinedBasicID>13005</predefinedBasicID>
				<basicDesc>Open cash drawer manually</basicDesc>
			</basic>
			<basic>
				<basicType>13</basicType>
				<basicID>SALREC</basicID>
				<predefinedBasicID>13012</predefinedBasicID>
				<basicDesc>Sales receipt</basicDesc>
			</basic>
			<basic>
				<basicType>13</basicType>
				<basicID>RETREC</basicID>
				<predefinedBasicID>13013</predefinedBasicID>
				<basicDesc>Return receipt</basicDesc>
			</basic>
			<basic>
				<basicType>13</basicType>
				<basicID>COPYREC</basicID>
				<predefinedBasicID>13014</predefinedBasicID>
				<basicDesc>Copy receipt</basicDesc>
			</basic>
			<basic>
				<basicType>13</basicType>
				<basicID>PRICELOOKUP</basicID>
				<predefinedBasicID>13022</predefinedBasicID>
				<basicDesc>Price look-up</basicDesc>
			</basic>
			<basic>
				<basicType>13</basicType>
				<basicID>POSSTART</basicID>
				<predefinedBasicID>13001</predefinedBasicID>
				<basicDesc>POS Application start</basicDesc>
			</basic>
			<basic>
				<basicType>13</basicType>
				<basicID>POSEND</basicID>
				<predefinedBasicID>13002</predefinedBasicID>
				<basicDesc>POS Application shut down</basicDesc>
			</basic>
			<basic>
				<basicType>13</basicType>
				<basicID>EMPIN</basicID>
				<predefinedBasicID>13003</predefinedBasicID>
				<basicDesc>Employee log in</basicDesc>
			</basic>
			<basic>
				<basicType>13</basicType>
				<basicID>LINEDELETE</basicID>
				<predefinedBasicID>13999</predefinedBasicID>
				<basicDesc>Delete line</basicDesc>
			</basic>
			<basic>
				<basicType>13</basicType>
				<basicID>EMPOUT</basicID>
				<predefinedBasicID>13004</predefinedBasicID>
				<basicDesc>Employee log out</basicDesc>
			</basic>
		</basics>
		<location>
			<name>Location A: Shop Frogner</name>
			<streetAddress>
				<streetname>Frognergaten</streetname>
				<number>1</number>
				<city>Oslo</city>
				<postalCode>0200</postalCode>
				<region>Oslo</region>
				<country>NO</country>
			</streetAddress>
			<cashregister>
				<registerID>11.222-33.44.567</registerID>
				<regDesc>The only cash register</regDesc>
				<event>
					<eventID>2000</eventID>
					<eventType>POSSTART</eventType>
					<eventDate>2020-01-01</eventDate>
					<eventTime>08:45:00</eventTime>
				</event>
				<event>
					<eventID>2001</eventID>
					<eventType>EMPIN</eventType>
					<empID>1001</empID>
					<eventDate>2020-01-01</eventDate>
					<eventTime>08:47:38</eventTime>
				</event>
				<event>
					<eventID>2002</eventID>
					<eventType>SALREC</eventType>
					<transID>1000</transID>
					<empID>1001</empID>
					<eventDate>2020-01-01</eventDate>
					<eventTime>09:00:30</eventTime>
				</event>
				<event>
					<eventID>2003</eventID>
					<eventType>DRAWOPEN</eventType>
					<transID>1000</transID>
					<empID>1001</empID>
					<eventDate>2020-01-01</eventDate>
					<eventTime>09:00:30</eventTime>
				</event>
				<event>
					<eventID>2004</eventID>
					<eventType>SALREC</eventType>
					<transID>1001</transID>
					<empID>1001</empID>
					<eventDate>2020-01-01</eventDate>
					<eventTime>09:15:28</eventTime>
				</event>
				<event>
					<eventID>2005</eventID>
					<eventType>DRAWOPEN</eventType>
					<transID>1001</transID>
					<empID>1001</empID>
					<eventDate>2020-01-01</eventDate>
					<eventTime>09:15:28</eventTime>
				</event>
				<event>
					<eventID>2006</eventID>
					<eventType>EMPOUT</eventType>
					<empID>1001</empID>
					<eventDate>2020-01-01</eventDate>
					<eventTime>09:17:30</eventTime>
				</event>
				<event>
					<eventID>2007</eventID>
					<eventType>EMPIN</eventType>
					<empID>1000</empID>
					<eventDate>2020-01-01</eventDate>
					<eventTime>09:17:57</eventTime>
				</event>
				<event>
					<eventID>2008</eventID>
					<eventType>LINEDELETE</eventType>
					<transID>1002</transID>
					<empID>1000</empID>
					<eventDate>2020-01-01</eventDate>
					<eventTime>09:29:15</eventTime>
					<eventText>artID 1001; qnt 1; lineAmntIn 16.40</eventText>
				</event>
				<event>
					<eventID>2009</eventID>
					<eventType>SALREC</eventType>
					<transID>1002</transID>
					<empID>1000</empID>
					<eventDate>2020-01-01</eventDate>
					<eventTime>09:30:34</eventTime>
				</event>
				<event>
					<eventID>2010</eventID>
					<eventType>DRAWOPEN</eventType>
					<transID>1002</transID>
					<empID>1000</empID>
					<eventDate>2020-01-01</eventDate>
					<eventTime>09:30:34</eventTime>
				</event>
				<event>
					<eventID>2011</eventID>
					<eventType>COPYREC</eventType>
					<transID>1002</transID>
					<empID>1000</empID>
					<eventDate>2020-01-01</eventDate>
					<eventTime>09:32:59</eventTime>
				</event>
				<event>
					<eventID>2012</eventID>
					<eventType>PRICELOOKUP</eventType>
					<empID>1000</empID>
					<eventDate>2020-01-01</eventDate>
					<eventTime>10:17:44</eventTime>
					<eventText>artID 1003; artGroupID 100; lineAmntIn 27.80; lineAmntEx 24.17</eventText>
				</event>
				<event>
					<eventID>2013</eventID>
					<eventType>DRAWOPENMAN</eventType>
					<empID>1000</empID>
					<eventDate>2020-01-01</eventDate>
					<eventTime>10:23:59</eventTime>
				</event>
				<event>
					<eventID>2014</eventID>
					<eventType>RETREC</eventType>
					<transID>1003</transID>
					<empID>1000</empID>
					<eventDate>2020-01-01</eventDate>
					<eventTime>10:41:52</eventTime>
				</event>
				<event>
					<eventID>2015</eventID>
					<eventType>DRAWOPEN</eventType>
					<transID>1003</transID>
					<empID>1000</empID>
					<eventDate>2020-01-01</eventDate>
					<eventTime>10:41:52</eventTime>
				</event>
				<event>
					<eventID>2016</eventID>
					<eventType>ZREP</eventType>
					<empID>1000</empID>
					<eventDate>2020-01-01</eventDate>
					<eventTime>23:56:59</eventTime>
					<eventText>Z-report</eventText>
					<eventReport>
						<reportID>1</reportID>
						<reportType>Z report</reportType>
						<companyIdent>999999999</companyIdent>
						<companyName>Selskapet ASA</companyName>
						<reportDate>2020-01-01</reportDate>
						<reportTime>23:56:59</reportTime>
						<registerID>11.222-33.44.567</registerID>
						<reportTotalCashSales>
							<totalCashSaleAmnt>514.20</totalCashSaleAmnt>
						</reportTotalCashSales>
						<reportArtGroups>
							<reportArtGroup>
								<artGroupID>100</artGroupID>
								<artGroupNum>1</artGroupNum>
								<artGroupAmnt>102.80</artGroupAmnt>
							</reportArtGroup>
							<reportArtGroup>
								<artGroupID>200</artGroupID>
								<artGroupNum>2</artGroupNum>
								<artGroupAmnt>232.00</artGroupAmnt>
							</reportArtGroup>
							<reportArtGroup>
								<artGroupID>300</artGroupID>
								<artGroupNum>1</artGroupNum>
								<artGroupAmnt>179.40</artGroupAmnt>
							</reportArtGroup>
						</reportArtGroups>
						<reportEmpArtGroups>
							<reportEmpArtGroup>
								<empID>1000</empID>
								<artGroupID>100</artGroupID>
								<artGroupNum>0</artGroupNum>
								<artGroupAmnt>16.40</artGroupAmnt>
							</reportEmpArtGroup>
							<reportEmpArtGroup>
								<empID>1000</empID>
								<artGroupID>200</artGroupID>
								<artGroupNum>1</artGroupNum>
								<artGroupAmnt>116.00</artGroupAmnt>
							</reportEmpArtGroup>
							<reportEmpArtGroup>
								<empID>1001</empID>
								<artGroupID>100</artGroupID>
								<artGroupNum>1</artGroupNum>
								<artGroupAmnt>86.40</artGroupAmnt>
							</reportEmpArtGroup>
							<reportEmpArtGroup>
								<empID>1001</empID>
								<artGroupID>200</artGroupID>
								<artGroupNum>1</artGroupNum>
								<artGroupAmnt>116.00</artGroupAmnt>
							</reportEmpArtGroup>
							<reportEmpArtGroup>
								<empID>1001</empID>
								<artGroupID>300</artGroupID>
								<artGroupNum>1</artGroupNum>
								<artGroupAmnt>179.40</artGroupAmnt>
							</reportEmpArtGroup>
						</reportEmpArtGroups>
						<reportPayments>
							<reportPayment>
								<paymentType>CASH</paymentType>
								<paymentNum>1</paymentNum>
								<paymentAmnt>295.00</paymentAmnt>
							</reportPayment>
							<reportPayment>
								<paymentType>DEBCARD</paymentType>
								<paymentNum>1</paymentNum>
								<paymentAmnt>218.80</paymentAmnt>
							</reportPayment>
						</reportPayments>
						<reportEmpPayments>
							<reportEmpPayment>
								<empID>1000</empID>
								<paymentType>DEBCARD</paymentType>
								<paymentNum>0</paymentNum>
								<paymentAmnt>132.40</paymentAmnt>
							</reportEmpPayment>
							<reportEmpPayment>
								<empID>1001</empID>
								<paymentType>CASH</paymentType>
								<paymentNum>1</paymentNum>
								<paymentAmnt>295.00</paymentAmnt>
							</reportEmpPayment>
							<reportEmpPayment>
								<empID>1001</empID>
								<paymentType>DEBCARD</paymentType>
								<paymentNum>1</paymentNum>
								<paymentAmnt>86.40</paymentAmnt>
							</reportEmpPayment>
						</reportEmpPayments>
						<reportCashSalesVat>
							<reportCashSaleVat>
								<vatCode>0</vatCode>
								<vatPerc>0.00</vatPerc>
								<cashSaleAmnt>0.00</cashSaleAmnt>
								<vatAmnt>0.00</vatAmnt>
								<vatAmntTp>C</vatAmntTp>
							</reportCashSaleVat>
							<reportCashSaleVat>
								<vatCode>1</vatCode>
								<vatPerc>12.00</vatPerc>
								<cashSaleAmnt>0.00</cashSaleAmnt>
								<vatAmnt>0.00</vatAmnt>
								<vatAmntTp>C</vatAmntTp>
							</reportCashSaleVat>
							<reportCashSaleVat>
								<vatCode>2</vatCode>
								<vatPerc>15.00</vatPerc>
								<cashSaleAmnt>89.38</cashSaleAmnt>
								<vatAmnt>13.42</vatAmnt>
								<vatAmntTp>C</vatAmntTp>
							</reportCashSaleVat>
							<reportCashSaleVat>
								<vatCode>3</vatCode>
								<vatPerc>25.00</vatPerc>
								<cashSaleAmnt>329.12</cashSaleAmnt>
								<vatAmnt>82.28</vatAmnt>
								<vatAmntTp>C</vatAmntTp>
							</reportCashSaleVat>
						</reportCashSalesVat>
						<reportOpeningChangeFloat>0.00</reportOpeningChangeFloat>
						<reportEmpOpeningChangeFloats>
							<reportEmpOpeningChangeFloat>
								<empID>1000</empID>
								<openingChangeFloatAmnt>0.00</openingChangeFloatAmnt>
							</reportEmpOpeningChangeFloat>
							<reportEmpOpeningChangeFloat>
								<empID>1001</empID>
								<openingChangeFloatAmnt>0.00</openingChangeFloatAmnt>
							</reportEmpOpeningChangeFloat>
						</reportEmpOpeningChangeFloats>
						<reportReceiptNum>3</reportReceiptNum>
						<reportOpenCashBoxNum>1</reportOpenCashBoxNum>
						<reportReceiptCopyNum>1</reportReceiptCopyNum>
						<reportReceiptCopyAmnt>148.80</reportReceiptCopyAmnt>
						<reportReceiptProformaNum>0</reportReceiptProformaNum>
						<reportReceiptProformaAmnt>0.00</reportReceiptProformaAmnt>
						<reportReturnNum>1</reportReturnNum>
						<reportReturnAmnt>16.40</reportReturnAmnt>
						<reportDiscountNum>0</reportDiscountNum>
						<reportDiscountAmnt>0.00</reportDiscountAmnt>
						<reportVoidTransNum>0</reportVoidTransNum>
						<reportVoidTransAmnt>0.00</reportVoidTransAmnt>
						<reportCorrLines>
							<reportCorrLine>
								<corrLineType>Delete line</corrLineType>
								<corrLineNum>1</corrLineNum>
								<corrLineAmnt>16.40</corrLineAmnt>
							</reportCorrLine>
						</reportCorrLines>
						<reportPriceInquiries>
							<reportPriceInquiry>
								<priceInquiryGroup>100</priceInquiryGroup>
								<priceInquiryNum>1</priceInquiryNum>
								<priceInquiryAmnt>27.80</priceInquiryAmnt>
							</reportPriceInquiry>
						</reportPriceInquiries>
						<reportOtherCorrs>
							<reportOtherCorr>
								<otherCorrType>None</otherCorrType>
								<otherCorrNum>0</otherCorrNum>
								<otherCorrAmnt>0.00</otherCorrAmnt>
							</reportOtherCorr>
						</reportOtherCorrs>
						<reportReceiptDeliveryNum>0</reportReceiptDeliveryNum>
						<reportReceiptDeliveryAmnt>0.00</reportReceiptDeliveryAmnt>
						<reportTrainingNum>0</reportTrainingNum>
						<reportTrainingAmnt>0.00</reportTrainingAmnt>
						<reportCreditSales>
							<creditSalesNum>0</creditSalesNum>
							<creditSalesAmnt>0.00</creditSalesAmnt>
						</reportCreditSales>
						<reportCreditMemos>
							<creditMemosNum>0</creditMemosNum>
							<creditMemosAmnt>0.00</creditMemosAmnt>
						</reportCreditMemos>
						<reportPayIns>
							<reportPayIn>
								<payInType>None</payInType>
								<payInNum>0</payInNum>
								<payInAmnt>0.00</payInAmnt>
							</reportPayIn>
						</reportPayIns>
						<reportPayOuts>
							<reportPayOut>
								<payOutType>None</payOutType>
								<payOutNum>0</payOutNum>
								<payOutAmnt>0.00</payOutAmnt>
							</reportPayOut>
						</reportPayOuts>
						<reportGrandTotalSales>530.60</reportGrandTotalSales>
						<reportGrandTotalReturn>16.40</reportGrandTotalReturn>
						<reportGrandTotalSalesNet>514.20</reportGrandTotalSalesNet>
					</eventReport>
				</event>
				<event>
					<eventID>2017</eventID>
					<eventType>POSEND</eventType>
					<empID>1000</empID>
					<eventDate>2020-01-01</eventDate>
					<eventTime>23:58:00</eventTime>
				</event>
				<cashtransaction>
					<nr>1000</nr>
					<transID>1000</transID>
					<transType>CASHSAL</transType>
					<transAmntIn>86.40</transAmntIn>
					<transAmntEx>75.12</transAmntEx>
					<amntTp>C</amntTp>
					<empID>1001</empID>
					<periodNumber>1</periodNumber>
					<transDate>2020-01-01</transDate>
					<transTime>09:00:00</transTime>
					<ctLine>
						<nr>1000</nr>
						<lineID>1</lineID>
						<lineType>SAL</lineType>
						<artGroupID>100</artGroupID>
						<artID>1001</artID>
						<qnt>2</qnt>
						<lineAmntIn>32.80</lineAmntIn>
						<lineAmntEx>28.52</lineAmntEx>
						<amntTp>C</amntTp>
						<empID>1001</empID>
						<lineDate>2020-01-01</lineDate>
						<lineTime>09:00:00</lineTime>
						<vat>
							<vatCode>2</vatCode>
							<vatPerc>15.00</vatPerc>
							<vatAmnt>4.28</vatAmnt>
							<vatAmntTp>C</vatAmntTp>
							<vatBasAmnt>28.52</vatBasAmnt>
						</vat>
					</ctLine>
					<ctLine>
						<nr>1000</nr>
						<lineID>2</lineID>
						<lineType>SAL</lineType>
						<artGroupID>100</artGroupID>
						<artID>1002</artID>
						<qnt>1</qnt>
						<lineAmntIn>25.80</lineAmntIn>
						<lineAmntEx>22.43</lineAmntEx>
						<amntTp>C</amntTp>
						<empID>1001</empID>
						<lineDate>2020-01-01</lineDate>
						<lineTime>09:00:10</lineTime>
						<vat>
							<vatCode>2</vatCode>
							<vatPerc>15.00</vatPerc>
							<vatAmnt>3.37</vatAmnt>
							<vatAmntTp>C</vatAmntTp>
							<vatBasAmnt>22.43</vatBasAmnt>
						</vat>
					</ctLine>
					<ctLine>
						<nr>1000</nr>
						<lineID>3</lineID>
						<lineType>SAL</lineType>
						<artGroupID>100</artGroupID>
						<artID>1003</artID>
						<qnt>1</qnt>
						<lineAmntIn>27.80</lineAmntIn>
						<lineAmntEx>24.17</lineAmntEx>
						<amntTp>C</amntTp>
						<empID>1001</empID>
						<lineDate>2020-01-01</lineDate>
						<lineTime>09:00:15</lineTime>
						<vat>
							<vatCode>2</vatCode>
							<vatPerc>15.00</vatPerc>
							<vatAmnt>3.63</vatAmnt>
							<vatAmntTp>C</vatAmntTp>
							<vatBasAmnt>24.17</vatBasAmnt>
						</vat>
					</ctLine>
					<vat>
						<vatCode>2</vatCode>
						<vatPerc>15.00</vatPerc>
						<vatAmnt>11.28</vatAmnt>
						<vatAmntTp>C</vatAmntTp>
						<vatBasAmnt>75.12</vatBasAmnt>
					</vat>
					<rounding>
						<roundingAmnt>0.00</roundingAmnt>
					</rounding>
					<payment>
						<paymentType>DEBCARD</paymentType>
						<paidAmnt>86.40</paidAmnt>
						<empID>1001</empID>
						<curCode>NOK</curCode>
						<exchRt>1.000000</exchRt>
						<paymentRefID>BAX: 568833-84887556</paymentRefID>
					</payment>
					<signature>IMVOfRnF0zS4fLbeQVbzmqLLdHUjlYnjqMqxA+X+o0Fxx3YDlrFRiqyQrRUg932u/scZIEsgcr9G0bXAFG2BR4zedpJoJXMJYlE68ul8jvJ/SsUwIjNxVHWVLVH+nkAGW63L+leGFqNVOZM9Fc7IqgCFfWMdI0XcKKJmyUvxUkI=</signature>
					<keyVersion>1</keyVersion>
					<receiptNum>1</receiptNum>
					<receiptCopyNum>0</receiptCopyNum>
					<receiptProformaNum>0</receiptProformaNum>
					<receiptDeliveryNum>0</receiptDeliveryNum>
					<voidTransaction>false</voidTransaction>
					<trainingID>false</trainingID>
				</cashtransaction>
				<cashtransaction>
					<nr>1001</nr>
					<transID>1001</transID>
					<transType>CASHSAL</transType>
					<transAmntIn>295.40</transAmntIn>
					<transAmntEx>236.32</transAmntEx>
					<amntTp>C</amntTp>
					<empID>1001</empID>
					<periodNumber>1</periodNumber>
					<transDate>2020-01-01</transDate>
					<transTime>09:15:00</transTime>
					<ctLine>
						<nr>1001</nr>
						<lineID>1</lineID>
						<lineType>SAL</lineType>
						<artGroupID>200</artGroupID>
						<artID>2001</artID>
						<qnt>1</qnt>
						<lineAmntIn>116.00</lineAmntIn>
						<lineAmntEx>92.80</lineAmntEx>
						<amntTp>C</amntTp>
						<empID>1001</empID>
						<lineDate>2020-01-01</lineDate>
						<lineTime>09:15:00</lineTime>
						<vat>
							<vatCode>3</vatCode>
							<vatPerc>25.00</vatPerc>
							<vatAmnt>23.20</vatAmnt>
							<vatAmntTp>C</vatAmntTp>
							<vatBasAmnt>92.80</vatBasAmnt>
						</vat>
					</ctLine>
					<ctLine>
						<nr>1001</nr>
						<lineID>2</lineID>
						<lineType>SAL</lineType>
						<artGroupID>300</artGroupID>
						<artID>3001</artID>
						<qnt>6</qnt>
						<lineAmntIn>179.40</lineAmntIn>
						<lineAmntEx>143.52</lineAmntEx>
						<amntTp>C</amntTp>
						<empID>1001</empID>
						<lineDate>2020-01-01</lineDate>
						<lineTime>09:15:10</lineTime>
						<vat>
							<vatCode>3</vatCode>
							<vatPerc>25.00</vatPerc>
							<vatAmnt>35.88</vatAmnt>
							<vatAmntTp>C</vatAmntTp>
							<vatBasAmnt>143.52</vatBasAmnt>
						</vat>
					</ctLine>
					<vat>
						<vatCode>3</vatCode>
						<vatPerc>25.00</vatPerc>
						<vatAmnt>59.08</vatAmnt>
						<vatAmntTp>C</vatAmntTp>
						<vatBasAmnt>236.32</vatBasAmnt>
					</vat>
					<rounding>
						<roundingAmnt>-0.40</roundingAmnt>
					</rounding>
					<payment>
						<paymentType>CASH</paymentType>
						<paidAmnt>295.00</paidAmnt>
						<empID>1001</empID>
						<curCode>NOK</curCode>
						<exchRt>1.000000</exchRt>
						<paymentRefID/>
					</payment>
					<signature>jlzkpX7JWIcOnoQDCQHMHTye191VwBU1tvezvWrnZtV9NYunDcdP7Rip3qiOaup4Yw7pFZzx9boN7mjDGSud8jkowPjZpbcI4nHYg6OcVwNB1H4YSvtmIiJ9LSu+UaMqyQ8qVphGuFiHbjjI6x89ZzjDD6QglWI7YDZEzQkPod0=</signature>
					<keyVersion>1</keyVersion>
					<receiptNum>1</receiptNum>
					<receiptCopyNum>0</receiptCopyNum>
					<receiptProformaNum>0</receiptProformaNum>
					<receiptDeliveryNum>0</receiptDeliveryNum>
					<voidTransaction>false</voidTransaction>
					<trainingID>false</trainingID>
				</cashtransaction>
				<cashtransaction>
					<nr>1002</nr>
					<transID>1002</transID>
					<transType>CASHSAL</transType>
					<transAmntIn>148.80</transAmntIn>
					<transAmntEx>121.32</transAmntEx>
					<amntTp>C</amntTp>
					<empID>1000</empID>
					<periodNumber>1</periodNumber>
					<transDate>2020-01-01</transDate>
					<transTime>09:30:00</transTime>
					<ctLine>
						<nr>1002</nr>
						<lineID>1</lineID>
						<lineType>SAL</lineType>
						<artGroupID>200</artGroupID>
						<artID>2001</artID>
						<qnt>1</qnt>
						<lineAmntIn>116.00</lineAmntIn>
						<lineAmntEx>92.80</lineAmntEx>
						<amntTp>C</amntTp>
						<empID>1000</empID>
						<lineDate>2020-01-01</lineDate>
						<lineTime>09:30:00</lineTime>
						<vat>
							<vatCode>3</vatCode>
							<vatPerc>25.00</vatPerc>
							<vatAmnt>23.20</vatAmnt>
							<vatAmntTp>C</vatAmntTp>
							<vatBasAmnt>92.80</vatBasAmnt>
						</vat>
					</ctLine>
					<ctLine>
						<nr>1002</nr>
						<lineID>2</lineID>
						<lineType>SAL</lineType>
						<artGroupID>100</artGroupID>
						<artID>1001</artID>
						<qnt>2</qnt>
						<lineAmntIn>32.80</lineAmntIn>
						<lineAmntEx>28.52</lineAmntEx>
						<amntTp>C</amntTp>
						<empID>1000</empID>
						<lineDate>2020-01-01</lineDate>
						<lineTime>09:30:10</lineTime>
						<vat>
							<vatCode>2</vatCode>
							<vatPerc>15.00</vatPerc>
							<vatAmnt>4.28</vatAmnt>
							<vatAmntTp>C</vatAmntTp>
							<vatBasAmnt>28.52</vatBasAmnt>
						</vat>
					</ctLine>
					<vat>
						<vatCode>2</vatCode>
						<vatPerc>15.00</vatPerc>
						<vatAmnt>4.28</vatAmnt>
						<vatAmntTp>C</vatAmntTp>
						<vatBasAmnt>28.52</vatBasAmnt>
					</vat>
					<vat>
						<vatCode>3</vatCode>
						<vatPerc>25.00</vatPerc>
						<vatAmnt>23.20</vatAmnt>
						<vatAmntTp>C</vatAmntTp>
						<vatBasAmnt>92.80</vatBasAmnt>
					</vat>
					<rounding>
						<roundingAmnt>0.00</roundingAmnt>
					</rounding>
					<payment>
						<paymentType>DEBCARD</paymentType>
						<paidAmnt>148.80</paidAmnt>
						<empID>1000</empID>
						<curCode>NOK</curCode>
						<exchRt>1.000000</exchRt>
						<paymentRefID>BAX: 568833-84887557</paymentRefID>
					</payment>
					<signature>MKVeQB4QRMCW4eo9vFac6yAJ4zIiyYwni9KQP3XptYyVRblYPoS0S/yT7zn3N8mqSu3gyqw0xTnXLrujw1XwtJ2ZvygpByha74yFkdPG/PYbBOca8QpBdpM5fNfhHHT1sSC71rxQHA5b68CR/2+ePU2ltDDsdowa5jDaDi4jBGA=</signature>
					<keyVersion>1</keyVersion>
					<receiptNum>1</receiptNum>
					<receiptCopyNum>1</receiptCopyNum>
					<receiptProformaNum>0</receiptProformaNum>
					<receiptDeliveryNum>0</receiptDeliveryNum>
					<voidTransaction>false</voidTransaction>
					<trainingID>false</trainingID>
				</cashtransaction>
				<cashtransaction>
					<nr>1003</nr>
					<transID>1003</transID>
					<transType>RETURNSAL</transType>
					<transAmntIn>-16.40</transAmntIn>
					<transAmntEx>-14.26</transAmntEx>
					<amntTp>D</amntTp>
					<empID>1000</empID>
					<periodNumber>1</periodNumber>
					<transDate>2020-01-01</transDate>
					<transTime>10:41:30</transTime>
					<ctLine>
						<nr>1003</nr>
						<lineID>1</lineID>
						<lineType>RET</lineType>
						<artGroupID>100</artGroupID>
						<artID>1001</artID>
						<qnt>-1</qnt>
						<lineAmntIn>-16.40</lineAmntIn>
						<lineAmntEx>-14.26</lineAmntEx>
						<amntTp>D</amntTp>
						<empID>1000</empID>
						<lineDate>2020-01-01</lineDate>
						<lineTime>10:41:30</lineTime>
						<vat>
							<vatCode>2</vatCode>
							<vatPerc>15.00</vatPerc>
							<vatAmnt>-2.14</vatAmnt>
							<vatAmntTp>D</vatAmntTp>
							<vatBasAmnt>-14.26</vatBasAmnt>
						</vat>
					</ctLine>
					<vat>
						<vatCode>2</vatCode>
						<vatPerc>15.00</vatPerc>
						<vatAmnt>-2.14</vatAmnt>
						<vatAmntTp>D</vatAmntTp>
						<vatBasAmnt>-14.26</vatBasAmnt>
					</vat>
					<rounding>
						<roundingAmnt>0.00</roundingAmnt>
					</rounding>
					<payment>
						<paymentType>DEBCARD</paymentType>
						<paidAmnt>-16.40</paidAmnt>
						<empID>1000</empID>
						<curCode>NOK</curCode>
						<exchRt>1.000000</exchRt>
						<paymentRefID>BAX: 568833-84887558</paymentRefID>
					</payment>
					<signature>AJ4zIiyYwni9KQP3XptYyVRblYPoS0S/yT7zn3N8mqSu3gMKVeQB4QRMCW4eo9vFac6yyqw0xTnXLrujw1XwtJ2ZvygpByha74yFkdPfhHHT1sSC71rxQHA5b68CR/2+ePU2ltDDsdowa5jDaDi4jBGAG/PYbBOca8QpBdpM5fN=</signature>
					<keyVersion>1</keyVersion>
					<receiptNum>1</receiptNum>
					<receiptCopyNum>0</receiptCopyNum>
					<receiptProformaNum>0</receiptProformaNum>
					<receiptDeliveryNum>0</receiptDeliveryNum>
					<voidTransaction>false</voidTransaction>
					<trainingID>false</trainingID>
				</cashtransaction>				
			</cashregister>
		</location>
	</company>
</auditfile>
