<?xml version="1.0" encoding="utf-8"?>
<GroupingCategoryCode xmlns:xsi="http://www.w3.org/2001/XMLSchema-instance" xsi:noNamespaceSchemaLocation="Grouping_Category_Code.xsd">
	<Account>
		<GroupingCategory>RF-1167</GroupingCategory>
		<CategoryDescription ISOLanguageCode="NOB">Næringsoppgave 2</CategoryDescription>
		<CategoryDescription ISOLanguageCode="ENG">Income Statement 2</CategoryDescription>
		<GroupingCode>1000</GroupingCode>
		<CodeDescription ISOLanguageCode="NOB">Forskning og utvikling</CodeDescription>
		<CodeDescription ISOLanguageCode="ENG">NA</CodeDescription>
	</Account>
	<Account>
		<GroupingCategory>RF-1167</GroupingCategory>
		<CategoryDescription ISOLanguageCode="NOB">Næringsoppgave 2</CategoryDescription>
		<CategoryDescription ISOLanguageCode="ENG">Income Statement 2</CategoryDescription>
		<GroupingCode>1020</GroupingCode>
		<CodeDescription ISOLanguageCode="NOB">Konsesjoner, patenter, lisenser, varemerker o.l. rettigheter</CodeDescription>
		<CodeDescription ISOLanguageCode="ENG">NA</CodeDescription>
	</Account>
	<Account>
		<GroupingCategory>RF-1167</GroupingCategory>
		<CategoryDescription ISOLanguageCode="NOB">Næringsoppgave 2</CategoryDescription>
		<CategoryDescription ISOLanguageCode="ENG">Income Statement 2</CategoryDescription>
		<GroupingCode>1070</GroupingCode>
		<CodeDescription ISOLanguageCode="NOB">Utsatt skattefordel</CodeDescription>
		<CodeDescription ISOLanguageCode="ENG">NA</CodeDescription>
	</Account>
	<Account>
		<GroupingCategory>RF-1167</GroupingCategory>
		<CategoryDescription ISOLanguageCode="NOB">Næringsoppgave 2</CategoryDescription>
		<CategoryDescription ISOLanguageCode="ENG">Income Statement 2</CategoryDescription>
		<GroupingCode>1080</GroupingCode>
		<CodeDescription ISOLanguageCode="NOB">Goodwill (saldogruppe b)</CodeDescription>
		<CodeDescription ISOLanguageCode="ENG">NA</CodeDescription>
	</Account>
	<Account>
		<GroupingCategory>RF-1167</GroupingCategory>
		<CategoryDescription ISOLanguageCode="NOB">Næringsoppgave 2</CategoryDescription>
		<CategoryDescription ISOLanguageCode="ENG">Income Statement 2</CategoryDescription>
		<GroupingCode>1105</GroupingCode>
		<CodeDescription ISOLanguageCode="NOB">Forretningsbygg (saldogruppe i)</CodeDescription>
		<CodeDescription ISOLanguageCode="ENG">NA</CodeDescription>
	</Account>
	<Account>
		<GroupingCategory>RF-1167</GroupingCategory>
		<CategoryDescription ISOLanguageCode="NOB">Næringsoppgave 2</CategoryDescription>
		<CategoryDescription ISOLanguageCode="ENG">Income Statement 2</CategoryDescription>
		<GroupingCode>1115</GroupingCode>
		<CodeDescription ISOLanguageCode="NOB">Bygg og anlegg, hotell o.l. (saldogruppe h)</CodeDescription>
		<CodeDescription ISOLanguageCode="ENG">NA</CodeDescription>
	</Account>
	<Account>
		<GroupingCategory>RF-1167</GroupingCategory>
		<CategoryDescription ISOLanguageCode="NOB">Næringsoppgave 2</CategoryDescription>
		<CategoryDescription ISOLanguageCode="ENG">Income Statement 2</CategoryDescription>
		<GroupingCode>1117</GroupingCode>
		<CodeDescription ISOLanguageCode="NOB">Elektroteknisk utrustning i kraftforetak mv. (saldogr. g)</CodeDescription>
		<CodeDescription ISOLanguageCode="ENG">NA</CodeDescription>
	</Account>
	<Account>
		<GroupingCategory>RF-1167</GroupingCategory>
		<CategoryDescription ISOLanguageCode="NOB">Næringsoppgave 2</CategoryDescription>
		<CategoryDescription ISOLanguageCode="ENG">Income Statement 2</CategoryDescription>
		<GroupingCode>1120</GroupingCode>
		<CodeDescription ISOLanguageCode="NOB">Fast teknisk installasjon i bygninger (saldogruppe j)</CodeDescription>
		<CodeDescription ISOLanguageCode="ENG">NA</CodeDescription>
	</Account>
	<Account>
		<GroupingCategory>RF-1167</GroupingCategory>
		<CategoryDescription ISOLanguageCode="NOB">Næringsoppgave 2</CategoryDescription>
		<CategoryDescription ISOLanguageCode="ENG">Income Statement 2</CategoryDescription>
		<GroupingCode>1130</GroupingCode>
		<CodeDescription ISOLanguageCode="NOB">Anlegg, maskiner under utførelse</CodeDescription>
		<CodeDescription ISOLanguageCode="ENG">NA</CodeDescription>
	</Account>
	<Account>
		<GroupingCategory>RF-1167</GroupingCategory>
		<CategoryDescription ISOLanguageCode="NOB">Næringsoppgave 2</CategoryDescription>
		<CategoryDescription ISOLanguageCode="ENG">Income Statement 2</CategoryDescription>
		<GroupingCode>1150</GroupingCode>
		<CodeDescription ISOLanguageCode="NOB">Tomter og andre grunnarealer</CodeDescription>
		<CodeDescription ISOLanguageCode="ENG">NA</CodeDescription>
	</Account>
	<Account>
		<GroupingCategory>RF-1167</GroupingCategory>
		<CategoryDescription ISOLanguageCode="NOB">Næringsoppgave 2</CategoryDescription>
		<CategoryDescription ISOLanguageCode="ENG">Income Statement 2</CategoryDescription>
		<GroupingCode>1160</GroupingCode>
		<CodeDescription ISOLanguageCode="NOB">Bolig inkl. boligtomter, hytter mv.</CodeDescription>
		<CodeDescription ISOLanguageCode="ENG">NA</CodeDescription>
	</Account>
	<Account>
		<GroupingCategory>RF-1167</GroupingCategory>
		<CategoryDescription ISOLanguageCode="NOB">Næringsoppgave 2</CategoryDescription>
		<CategoryDescription ISOLanguageCode="ENG">Income Statement 2</CategoryDescription>
		<GroupingCode>1180</GroupingCode>
		<CodeDescription ISOLanguageCode="NOB">Investeringseiendommer</CodeDescription>
		<CodeDescription ISOLanguageCode="ENG">NA</CodeDescription>
	</Account>
	<Account>
		<GroupingCategory>RF-1167</GroupingCategory>
		<CategoryDescription ISOLanguageCode="NOB">Næringsoppgave 2</CategoryDescription>
		<CategoryDescription ISOLanguageCode="ENG">Income Statement 2</CategoryDescription>
		<GroupingCode>1205</GroupingCode>
		<CodeDescription ISOLanguageCode="NOB">Personbiler, maskiner, inventar mv. (saldogruppe d)</CodeDescription>
		<CodeDescription ISOLanguageCode="ENG">NA</CodeDescription>
	</Account>
	<Account>
		<GroupingCategory>RF-1167</GroupingCategory>
		<CategoryDescription ISOLanguageCode="NOB">Næringsoppgave 2</CategoryDescription>
		<CategoryDescription ISOLanguageCode="ENG">Income Statement 2</CategoryDescription>
		<GroupingCode>1221</GroupingCode>
		<CodeDescription ISOLanguageCode="NOB">Skip, rigger mv. (saldogruppe e)</CodeDescription>
		<CodeDescription ISOLanguageCode="ENG">NA</CodeDescription>
	</Account>
	<Account>
		<GroupingCategory>RF-1167</GroupingCategory>
		<CategoryDescription ISOLanguageCode="NOB">Næringsoppgave 2</CategoryDescription>
		<CategoryDescription ISOLanguageCode="ENG">Income Statement 2</CategoryDescription>
		<GroupingCode>1225</GroupingCode>
		<CodeDescription ISOLanguageCode="NOB">Fly, helikopter mv. (saldogruppe f)</CodeDescription>
		<CodeDescription ISOLanguageCode="ENG">NA</CodeDescription>
	</Account>
	<Account>
		<GroupingCategory>RF-1167</GroupingCategory>
		<CategoryDescription ISOLanguageCode="NOB">Næringsoppgave 2</CategoryDescription>
		<CategoryDescription ISOLanguageCode="ENG">Income Statement 2</CategoryDescription>
		<GroupingCode>1238</GroupingCode>
		<CodeDescription ISOLanguageCode="NOB">Vare- og lastebiler, busser mv. (saldogruppe c)</CodeDescription>
		<CodeDescription ISOLanguageCode="ENG">NA</CodeDescription>
	</Account>
	<Account>
		<GroupingCategory>RF-1167</GroupingCategory>
		<CategoryDescription ISOLanguageCode="NOB">Næringsoppgave 2</CategoryDescription>
		<CategoryDescription ISOLanguageCode="ENG">Income Statement 2</CategoryDescription>
		<GroupingCode>1239</GroupingCode>
		<CodeDescription ISOLanguageCode="NOB">Varebiler med nullutslipp (saldogruppe c)</CodeDescription>
		<CodeDescription ISOLanguageCode="ENG">NA</CodeDescription>
	</Account>
	<Account>
		<GroupingCategory>RF-1167</GroupingCategory>
		<CategoryDescription ISOLanguageCode="NOB">Næringsoppgave 2</CategoryDescription>
		<CategoryDescription ISOLanguageCode="ENG">Income Statement 2</CategoryDescription>
		<GroupingCode>1280</GroupingCode>
		<CodeDescription ISOLanguageCode="NOB">Kontormaskiner o.l. (saldogruppe a)</CodeDescription>
		<CodeDescription ISOLanguageCode="ENG">NA</CodeDescription>
	</Account>
	<Account>
		<GroupingCategory>RF-1167</GroupingCategory>
		<CategoryDescription ISOLanguageCode="NOB">Næringsoppgave 2</CategoryDescription>
		<CategoryDescription ISOLanguageCode="ENG">Income Statement 2</CategoryDescription>
		<GroupingCode>1290</GroupingCode>
		<CodeDescription ISOLanguageCode="NOB">Andre driftsmidler</CodeDescription>
		<CodeDescription ISOLanguageCode="ENG">NA</CodeDescription>
	</Account>
	<Account>
		<GroupingCategory>RF-1167</GroupingCategory>
		<CategoryDescription ISOLanguageCode="NOB">Næringsoppgave 2</CategoryDescription>
		<CategoryDescription ISOLanguageCode="ENG">Income Statement 2</CategoryDescription>
		<GroupingCode>1312</GroupingCode>
		<CodeDescription ISOLanguageCode="NOB">Investeringer i datter- og konsernselskap med deltakerfastsetting</CodeDescription>
		<CodeDescription ISOLanguageCode="ENG">NA</CodeDescription>
	</Account>
	<Account>
		<GroupingCategory>RF-1167</GroupingCategory>
		<CategoryDescription ISOLanguageCode="NOB">Næringsoppgave 2</CategoryDescription>
		<CategoryDescription ISOLanguageCode="ENG">Income Statement 2</CategoryDescription>
		<GroupingCode>1313</GroupingCode>
		<CodeDescription ISOLanguageCode="NOB">Investeringer i andre datter- og konsernselskap</CodeDescription>
		<CodeDescription ISOLanguageCode="ENG">NA</CodeDescription>
	</Account>
	<Account>
		<GroupingCategory>RF-1167</GroupingCategory>
		<CategoryDescription ISOLanguageCode="NOB">Næringsoppgave 2</CategoryDescription>
		<CategoryDescription ISOLanguageCode="ENG">Income Statement 2</CategoryDescription>
		<GroupingCode>1320</GroupingCode>
		<CodeDescription ISOLanguageCode="NOB">Lån til foretak i samme konsern</CodeDescription>
		<CodeDescription ISOLanguageCode="ENG">NA</CodeDescription>
	</Account>
	<Account>
		<GroupingCategory>RF-1167</GroupingCategory>
		<CategoryDescription ISOLanguageCode="NOB">Næringsoppgave 2</CategoryDescription>
		<CategoryDescription ISOLanguageCode="ENG">Income Statement 2</CategoryDescription>
		<GroupingCode>1331</GroupingCode>
		<CodeDescription ISOLanguageCode="NOB">Investeringer i tilknyttede selskap med deltakerfastsetting</CodeDescription>
		<CodeDescription ISOLanguageCode="ENG">NA</CodeDescription>
	</Account>
	<Account>
		<GroupingCategory>RF-1167</GroupingCategory>
		<CategoryDescription ISOLanguageCode="NOB">Næringsoppgave 2</CategoryDescription>
		<CategoryDescription ISOLanguageCode="ENG">Income Statement 2</CategoryDescription>
		<GroupingCode>1332</GroupingCode>
		<CodeDescription ISOLanguageCode="NOB">Investeringer i andre tilknyttede selskap</CodeDescription>
		<CodeDescription ISOLanguageCode="ENG">NA</CodeDescription>
	</Account>
	<Account>
		<GroupingCategory>RF-1167</GroupingCategory>
		<CategoryDescription ISOLanguageCode="NOB">Næringsoppgave 2</CategoryDescription>
		<CategoryDescription ISOLanguageCode="ENG">Income Statement 2</CategoryDescription>
		<GroupingCode>1340</GroupingCode>
		<CodeDescription ISOLanguageCode="NOB">Lån til tilknyttet selskap og felles kontrollert virksomhet</CodeDescription>
		<CodeDescription ISOLanguageCode="ENG">NA</CodeDescription>
	</Account>
	<Account>
		<GroupingCategory>RF-1167</GroupingCategory>
		<CategoryDescription ISOLanguageCode="NOB">Næringsoppgave 2</CategoryDescription>
		<CategoryDescription ISOLanguageCode="ENG">Income Statement 2</CategoryDescription>
		<GroupingCode>1350</GroupingCode>
		<CodeDescription ISOLanguageCode="NOB">Investeringer i aksjer, andeler og verdipapirfondsandeler</CodeDescription>
		<CodeDescription ISOLanguageCode="ENG">NA</CodeDescription>
	</Account>
	<Account>
		<GroupingCategory>RF-1167</GroupingCategory>
		<CategoryDescription ISOLanguageCode="NOB">Næringsoppgave 2</CategoryDescription>
		<CategoryDescription ISOLanguageCode="ENG">Income Statement 2</CategoryDescription>
		<GroupingCode>1360</GroupingCode>
		<CodeDescription ISOLanguageCode="NOB">Obligasjoner</CodeDescription>
		<CodeDescription ISOLanguageCode="ENG">NA</CodeDescription>
	</Account>
	<Account>
		<GroupingCategory>RF-1167</GroupingCategory>
		<CategoryDescription ISOLanguageCode="NOB">Næringsoppgave 2</CategoryDescription>
		<CategoryDescription ISOLanguageCode="ENG">Income Statement 2</CategoryDescription>
		<GroupingCode>1370</GroupingCode>
		<CodeDescription ISOLanguageCode="NOB">Fordringer på personlige eiere, styremedl. o.l.</CodeDescription>
		<CodeDescription ISOLanguageCode="ENG">NA</CodeDescription>
	</Account>
	<Account>
		<GroupingCategory>RF-1167</GroupingCategory>
		<CategoryDescription ISOLanguageCode="NOB">Næringsoppgave 2</CategoryDescription>
		<CategoryDescription ISOLanguageCode="ENG">Income Statement 2</CategoryDescription>
		<GroupingCode>1380</GroupingCode>
		<CodeDescription ISOLanguageCode="NOB">Fordringer på ansatte</CodeDescription>
		<CodeDescription ISOLanguageCode="ENG">NA</CodeDescription>
	</Account>
	<Account>
		<GroupingCategory>RF-1167</GroupingCategory>
		<CategoryDescription ISOLanguageCode="NOB">Næringsoppgave 2</CategoryDescription>
		<CategoryDescription ISOLanguageCode="ENG">Income Statement 2</CategoryDescription>
		<GroupingCode>1390</GroupingCode>
		<CodeDescription ISOLanguageCode="NOB">Andre fordringer</CodeDescription>
		<CodeDescription ISOLanguageCode="ENG">NA</CodeDescription>
	</Account>
	<Account>
		<GroupingCategory>RF-1167</GroupingCategory>
		<CategoryDescription ISOLanguageCode="NOB">Næringsoppgave 2</CategoryDescription>
		<CategoryDescription ISOLanguageCode="ENG">Income Statement 2</CategoryDescription>
		<GroupingCode>1395</GroupingCode>
		<CodeDescription ISOLanguageCode="NOB">Netto pensjonsmidler</CodeDescription>
		<CodeDescription ISOLanguageCode="ENG">NA</CodeDescription>
	</Account>
	<Account>
		<GroupingCategory>RF-1167</GroupingCategory>
		<CategoryDescription ISOLanguageCode="NOB">Næringsoppgave 2</CategoryDescription>
		<CategoryDescription ISOLanguageCode="ENG">Income Statement 2</CategoryDescription>
		<GroupingCode>1400</GroupingCode>
		<CodeDescription ISOLanguageCode="NOB">Varelager</CodeDescription>
		<CodeDescription ISOLanguageCode="ENG">NA</CodeDescription>
	</Account>
	<Account>
		<GroupingCategory>RF-1167</GroupingCategory>
		<CategoryDescription ISOLanguageCode="NOB">Næringsoppgave 2</CategoryDescription>
		<CategoryDescription ISOLanguageCode="ENG">Income Statement 2</CategoryDescription>
		<GroupingCode>1490</GroupingCode>
		<CodeDescription ISOLanguageCode="NOB">Biologiske eiendeler</CodeDescription>
		<CodeDescription ISOLanguageCode="ENG">NA</CodeDescription>
	</Account>
	<Account>
		<GroupingCategory>RF-1167</GroupingCategory>
		<CategoryDescription ISOLanguageCode="NOB">Næringsoppgave 2</CategoryDescription>
		<CategoryDescription ISOLanguageCode="ENG">Income Statement 2</CategoryDescription>
		<GroupingCode>1500</GroupingCode>
		<CodeDescription ISOLanguageCode="NOB">Kundefordringer eksklusive på selskap i samme konsern</CodeDescription>
		<CodeDescription ISOLanguageCode="ENG">NA</CodeDescription>
	</Account>
	<Account>
		<GroupingCategory>RF-1167</GroupingCategory>
		<CategoryDescription ISOLanguageCode="NOB">Næringsoppgave 2</CategoryDescription>
		<CategoryDescription ISOLanguageCode="ENG">Income Statement 2</CategoryDescription>
		<GroupingCode>1501</GroupingCode>
		<CodeDescription ISOLanguageCode="NOB">Kundefordringer på selskap i samme konsern</CodeDescription>
		<CodeDescription ISOLanguageCode="ENG">NA</CodeDescription>
	</Account>
	<Account>
		<GroupingCategory>RF-1167</GroupingCategory>
		<CategoryDescription ISOLanguageCode="NOB">Næringsoppgave 2</CategoryDescription>
		<CategoryDescription ISOLanguageCode="ENG">Income Statement 2</CategoryDescription>
		<GroupingCode>1530</GroupingCode>
		<CodeDescription ISOLanguageCode="NOB">Opptjent, ikke fakturert driftsinntekt</CodeDescription>
		<CodeDescription ISOLanguageCode="ENG">NA</CodeDescription>
	</Account>
	<Account>
		<GroupingCategory>RF-1167</GroupingCategory>
		<CategoryDescription ISOLanguageCode="NOB">Næringsoppgave 2</CategoryDescription>
		<CategoryDescription ISOLanguageCode="ENG">Income Statement 2</CategoryDescription>
		<GroupingCode>1560</GroupingCode>
		<CodeDescription ISOLanguageCode="NOB">Andre fordringer på selskap i samme konsern</CodeDescription>
		<CodeDescription ISOLanguageCode="ENG">NA</CodeDescription>
	</Account>
	<Account>
		<GroupingCategory>RF-1167</GroupingCategory>
		<CategoryDescription ISOLanguageCode="NOB">Næringsoppgave 2</CategoryDescription>
		<CategoryDescription ISOLanguageCode="ENG">Income Statement 2</CategoryDescription>
		<GroupingCode>1565</GroupingCode>
		<CodeDescription ISOLanguageCode="NOB">Kortsiktige fordringer mot personlig eier/styremedl. o.l.</CodeDescription>
		<CodeDescription ISOLanguageCode="ENG">NA</CodeDescription>
	</Account>
	<Account>
		<GroupingCategory>RF-1167</GroupingCategory>
		<CategoryDescription ISOLanguageCode="NOB">Næringsoppgave 2</CategoryDescription>
		<CategoryDescription ISOLanguageCode="ENG">Income Statement 2</CategoryDescription>
		<GroupingCode>1570</GroupingCode>
		<CodeDescription ISOLanguageCode="NOB">Andre kortsiktige fordringer</CodeDescription>
		<CodeDescription ISOLanguageCode="ENG">NA</CodeDescription>
	</Account>
	<Account>
		<GroupingCategory>RF-1167</GroupingCategory>
		<CategoryDescription ISOLanguageCode="NOB">Næringsoppgave 2</CategoryDescription>
		<CategoryDescription ISOLanguageCode="ENG">Income Statement 2</CategoryDescription>
		<GroupingCode>1780</GroupingCode>
		<CodeDescription ISOLanguageCode="NOB">Krav på innbetaling av selskapskapital</CodeDescription>
		<CodeDescription ISOLanguageCode="ENG">NA</CodeDescription>
	</Account>
	<Account>
		<GroupingCategory>RF-1167</GroupingCategory>
		<CategoryDescription ISOLanguageCode="NOB">Næringsoppgave 2</CategoryDescription>
		<CategoryDescription ISOLanguageCode="ENG">Income Statement 2</CategoryDescription>
		<GroupingCode>1800</GroupingCode>
		<CodeDescription ISOLanguageCode="NOB">Ikke-markedsbaserte aksjer og andeler</CodeDescription>
		<CodeDescription ISOLanguageCode="ENG">NA</CodeDescription>
	</Account>
	<Account>
		<GroupingCategory>RF-1167</GroupingCategory>
		<CategoryDescription ISOLanguageCode="NOB">Næringsoppgave 2</CategoryDescription>
		<CategoryDescription ISOLanguageCode="ENG">Income Statement 2</CategoryDescription>
		<GroupingCode>1810</GroupingCode>
		<CodeDescription ISOLanguageCode="NOB">Markedsbaserte aksjer og verdipapirfondsandeler</CodeDescription>
		<CodeDescription ISOLanguageCode="ENG">NA</CodeDescription>
	</Account>
	<Account>
		<GroupingCategory>RF-1167</GroupingCategory>
		<CategoryDescription ISOLanguageCode="NOB">Næringsoppgave 2</CategoryDescription>
		<CategoryDescription ISOLanguageCode="ENG">Income Statement 2</CategoryDescription>
		<GroupingCode>1830</GroupingCode>
		<CodeDescription ISOLanguageCode="NOB">Markedsbaserte obligasjoner, sertifikater mv.</CodeDescription>
		<CodeDescription ISOLanguageCode="ENG">NA</CodeDescription>
	</Account>
	<Account>
		<GroupingCategory>RF-1167</GroupingCategory>
		<CategoryDescription ISOLanguageCode="NOB">Næringsoppgave 2</CategoryDescription>
		<CategoryDescription ISOLanguageCode="ENG">Income Statement 2</CategoryDescription>
		<GroupingCode>1840</GroupingCode>
		<CodeDescription ISOLanguageCode="NOB">Andre obligasjoner og sertifikater</CodeDescription>
		<CodeDescription ISOLanguageCode="ENG">NA</CodeDescription>
	</Account>
	<Account>
		<GroupingCategory>RF-1167</GroupingCategory>
		<CategoryDescription ISOLanguageCode="NOB">Næringsoppgave 2</CategoryDescription>
		<CategoryDescription ISOLanguageCode="ENG">Income Statement 2</CategoryDescription>
		<GroupingCode>1880</GroupingCode>
		<CodeDescription ISOLanguageCode="NOB">Andre finansielle instrumenter</CodeDescription>
		<CodeDescription ISOLanguageCode="ENG">NA</CodeDescription>
	</Account>
	<Account>
		<GroupingCategory>RF-1167</GroupingCategory>
		<CategoryDescription ISOLanguageCode="NOB">Næringsoppgave 2</CategoryDescription>
		<CategoryDescription ISOLanguageCode="ENG">Income Statement 2</CategoryDescription>
		<GroupingCode>1900</GroupingCode>
		<CodeDescription ISOLanguageCode="NOB">Kontanter</CodeDescription>
		<CodeDescription ISOLanguageCode="ENG">NA</CodeDescription>
	</Account>
	<Account>
		<GroupingCategory>RF-1167</GroupingCategory>
		<CategoryDescription ISOLanguageCode="NOB">Næringsoppgave 2</CategoryDescription>
		<CategoryDescription ISOLanguageCode="ENG">Income Statement 2</CategoryDescription>
		<GroupingCode>1920</GroupingCode>
		<CodeDescription ISOLanguageCode="NOB">Bankinnskudd</CodeDescription>
		<CodeDescription ISOLanguageCode="ENG">NA</CodeDescription>
	</Account>
	<Account>
		<GroupingCategory>RF-1167</GroupingCategory>
		<CategoryDescription ISOLanguageCode="NOB">Næringsoppgave 2</CategoryDescription>
		<CategoryDescription ISOLanguageCode="ENG">Income Statement 2</CategoryDescription>
		<GroupingCode>2000</GroupingCode>
		<CodeDescription ISOLanguageCode="NOB">Aksjekap./EK andre foretak</CodeDescription>
		<CodeDescription ISOLanguageCode="ENG">NA</CodeDescription>
	</Account>
	<Account>
		<GroupingCategory>RF-1167</GroupingCategory>
		<CategoryDescription ISOLanguageCode="NOB">Næringsoppgave 2</CategoryDescription>
		<CategoryDescription ISOLanguageCode="ENG">Income Statement 2</CategoryDescription>
		<GroupingCode>2010</GroupingCode>
		<CodeDescription ISOLanguageCode="NOB">Egne aksjer (negativt beløp)</CodeDescription>
		<CodeDescription ISOLanguageCode="ENG">NA</CodeDescription>
	</Account>
	<Account>
		<GroupingCategory>RF-1167</GroupingCategory>
		<CategoryDescription ISOLanguageCode="NOB">Næringsoppgave 2</CategoryDescription>
		<CategoryDescription ISOLanguageCode="ENG">Income Statement 2</CategoryDescription>
		<GroupingCode>2020</GroupingCode>
		<CodeDescription ISOLanguageCode="NOB">Overkurs</CodeDescription>
		<CodeDescription ISOLanguageCode="ENG">NA</CodeDescription>
	</Account>
	<Account>
		<GroupingCategory>RF-1167</GroupingCategory>
		<CategoryDescription ISOLanguageCode="NOB">Næringsoppgave 2</CategoryDescription>
		<CategoryDescription ISOLanguageCode="ENG">Income Statement 2</CategoryDescription>
		<GroupingCode>2030</GroupingCode>
		<CodeDescription ISOLanguageCode="NOB">Annen innskutt egenkapital</CodeDescription>
		<CodeDescription ISOLanguageCode="ENG">NA</CodeDescription>
	</Account>
	<Account>
		<GroupingCategory>RF-1167</GroupingCategory>
		<CategoryDescription ISOLanguageCode="NOB">Næringsoppgave 2</CategoryDescription>
		<CategoryDescription ISOLanguageCode="ENG">Income Statement 2</CategoryDescription>
		<GroupingCode>2043</GroupingCode>
		<CodeDescription ISOLanguageCode="NOB">Fond for vurderingsforskjeller</CodeDescription>
		<CodeDescription ISOLanguageCode="ENG">NA</CodeDescription>
	</Account>
	<Account>
		<GroupingCategory>RF-1167</GroupingCategory>
		<CategoryDescription ISOLanguageCode="NOB">Næringsoppgave 2</CategoryDescription>
		<CategoryDescription ISOLanguageCode="ENG">Income Statement 2</CategoryDescription>
		<GroupingCode>2045</GroupingCode>
		<CodeDescription ISOLanguageCode="NOB">Fond for urealiserte gevinster</CodeDescription>
		<CodeDescription ISOLanguageCode="ENG">NA</CodeDescription>
	</Account>
	<Account>
		<GroupingCategory>RF-1167</GroupingCategory>
		<CategoryDescription ISOLanguageCode="NOB">Næringsoppgave 2</CategoryDescription>
		<CategoryDescription ISOLanguageCode="ENG">Income Statement 2</CategoryDescription>
		<GroupingCode>2055</GroupingCode>
		<CodeDescription ISOLanguageCode="NOB">Avsatt utbytte (jf. IFRS)</CodeDescription>
		<CodeDescription ISOLanguageCode="ENG">NA</CodeDescription>
	</Account>
	<Account>
		<GroupingCategory>RF-1167</GroupingCategory>
		<CategoryDescription ISOLanguageCode="NOB">Næringsoppgave 2</CategoryDescription>
		<CategoryDescription ISOLanguageCode="ENG">Income Statement 2</CategoryDescription>
		<GroupingCode>2059</GroupingCode>
		<CodeDescription ISOLanguageCode="NOB">Annen egenkapital</CodeDescription>
		<CodeDescription ISOLanguageCode="ENG">NA</CodeDescription>
	</Account>
	<Account>
		<GroupingCategory>RF-1167</GroupingCategory>
		<CategoryDescription ISOLanguageCode="NOB">Næringsoppgave 2</CategoryDescription>
		<CategoryDescription ISOLanguageCode="ENG">Income Statement 2</CategoryDescription>
		<GroupingCode>2080</GroupingCode>
		<CodeDescription ISOLanguageCode="NOB">Udekket tap</CodeDescription>
		<CodeDescription ISOLanguageCode="ENG">NA</CodeDescription>
	</Account>
	<Account>
		<GroupingCategory>RF-1167</GroupingCategory>
		<CategoryDescription ISOLanguageCode="NOB">Næringsoppgave 2</CategoryDescription>
		<CategoryDescription ISOLanguageCode="ENG">Income Statement 2</CategoryDescription>
		<GroupingCode>2100</GroupingCode>
		<CodeDescription ISOLanguageCode="NOB">Pensjonsforpliktelser</CodeDescription>
		<CodeDescription ISOLanguageCode="ENG">NA</CodeDescription>
	</Account>
	<Account>
		<GroupingCategory>RF-1167</GroupingCategory>
		<CategoryDescription ISOLanguageCode="NOB">Næringsoppgave 2</CategoryDescription>
		<CategoryDescription ISOLanguageCode="ENG">Income Statement 2</CategoryDescription>
		<GroupingCode>2120</GroupingCode>
		<CodeDescription ISOLanguageCode="NOB">Utsatt skatt</CodeDescription>
		<CodeDescription ISOLanguageCode="ENG">NA</CodeDescription>
	</Account>
	<Account>
		<GroupingCategory>RF-1167</GroupingCategory>
		<CategoryDescription ISOLanguageCode="NOB">Næringsoppgave 2</CategoryDescription>
		<CategoryDescription ISOLanguageCode="ENG">Income Statement 2</CategoryDescription>
		<GroupingCode>2130</GroupingCode>
		<CodeDescription ISOLanguageCode="NOB">Derivater</CodeDescription>
		<CodeDescription ISOLanguageCode="ENG">NA</CodeDescription>
	</Account>
	<Account>
		<GroupingCategory>RF-1167</GroupingCategory>
		<CategoryDescription ISOLanguageCode="NOB">Næringsoppgave 2</CategoryDescription>
		<CategoryDescription ISOLanguageCode="ENG">Income Statement 2</CategoryDescription>
		<GroupingCode>2160</GroupingCode>
		<CodeDescription ISOLanguageCode="NOB">Uopptjent inntekt</CodeDescription>
		<CodeDescription ISOLanguageCode="ENG">NA</CodeDescription>
	</Account>
	<Account>
		<GroupingCategory>RF-1167</GroupingCategory>
		<CategoryDescription ISOLanguageCode="NOB">Næringsoppgave 2</CategoryDescription>
		<CategoryDescription ISOLanguageCode="ENG">Income Statement 2</CategoryDescription>
		<GroupingCode>2180</GroupingCode>
		<CodeDescription ISOLanguageCode="NOB">Avsetninger for forpliktelser</CodeDescription>
		<CodeDescription ISOLanguageCode="ENG">NA</CodeDescription>
	</Account>
	<Account>
		<GroupingCategory>RF-1167</GroupingCategory>
		<CategoryDescription ISOLanguageCode="NOB">Næringsoppgave 2</CategoryDescription>
		<CategoryDescription ISOLanguageCode="ENG">Income Statement 2</CategoryDescription>
		<GroupingCode>2200</GroupingCode>
		<CodeDescription ISOLanguageCode="NOB">Konvertible lån</CodeDescription>
		<CodeDescription ISOLanguageCode="ENG">NA</CodeDescription>
	</Account>
	<Account>
		<GroupingCategory>RF-1167</GroupingCategory>
		<CategoryDescription ISOLanguageCode="NOB">Næringsoppgave 2</CategoryDescription>
		<CategoryDescription ISOLanguageCode="ENG">Income Statement 2</CategoryDescription>
		<GroupingCode>2210</GroupingCode>
		<CodeDescription ISOLanguageCode="NOB">Obligasjonslån</CodeDescription>
		<CodeDescription ISOLanguageCode="ENG">NA</CodeDescription>
	</Account>
	<Account>
		<GroupingCategory>RF-1167</GroupingCategory>
		<CategoryDescription ISOLanguageCode="NOB">Næringsoppgave 2</CategoryDescription>
		<CategoryDescription ISOLanguageCode="ENG">Income Statement 2</CategoryDescription>
		<GroupingCode>2220</GroupingCode>
		<CodeDescription ISOLanguageCode="NOB">Gjeld til kredittinstitusjoner</CodeDescription>
		<CodeDescription ISOLanguageCode="ENG">NA</CodeDescription>
	</Account>
	<Account>
		<GroupingCategory>RF-1167</GroupingCategory>
		<CategoryDescription ISOLanguageCode="NOB">Næringsoppgave 2</CategoryDescription>
		<CategoryDescription ISOLanguageCode="ENG">Income Statement 2</CategoryDescription>
		<GroupingCode>2250</GroupingCode>
		<CodeDescription ISOLanguageCode="NOB">Gjeld til ansatte og personlige eiere</CodeDescription>
		<CodeDescription ISOLanguageCode="ENG">NA</CodeDescription>
	</Account>
	<Account>
		<GroupingCategory>RF-1167</GroupingCategory>
		<CategoryDescription ISOLanguageCode="NOB">Næringsoppgave 2</CategoryDescription>
		<CategoryDescription ISOLanguageCode="ENG">Income Statement 2</CategoryDescription>
		<GroupingCode>2260</GroupingCode>
		<CodeDescription ISOLanguageCode="NOB">Gjeld til selskap i samme konsern</CodeDescription>
		<CodeDescription ISOLanguageCode="ENG">NA</CodeDescription>
	</Account>
	<Account>
		<GroupingCategory>RF-1167</GroupingCategory>
		<CategoryDescription ISOLanguageCode="NOB">Næringsoppgave 2</CategoryDescription>
		<CategoryDescription ISOLanguageCode="ENG">Income Statement 2</CategoryDescription>
		<GroupingCode>2280</GroupingCode>
		<CodeDescription ISOLanguageCode="NOB">Stille interessentinnskudd og ansvarlig lånekapital</CodeDescription>
		<CodeDescription ISOLanguageCode="ENG">NA</CodeDescription>
	</Account>
	<Account>
		<GroupingCategory>RF-1167</GroupingCategory>
		<CategoryDescription ISOLanguageCode="NOB">Næringsoppgave 2</CategoryDescription>
		<CategoryDescription ISOLanguageCode="ENG">Income Statement 2</CategoryDescription>
		<GroupingCode>2290</GroupingCode>
		<CodeDescription ISOLanguageCode="NOB">Annen langsiktig gjeld</CodeDescription>
		<CodeDescription ISOLanguageCode="ENG">NA</CodeDescription>
	</Account>
	<Account>
		<GroupingCategory>RF-1167</GroupingCategory>
		<CategoryDescription ISOLanguageCode="NOB">Næringsoppgave 2</CategoryDescription>
		<CategoryDescription ISOLanguageCode="ENG">Income Statement 2</CategoryDescription>
		<GroupingCode>2310</GroupingCode>
		<CodeDescription ISOLanguageCode="NOB">Konvertible lån</CodeDescription>
		<CodeDescription ISOLanguageCode="ENG">NA</CodeDescription>
	</Account>
	<Account>
		<GroupingCategory>RF-1167</GroupingCategory>
		<CategoryDescription ISOLanguageCode="NOB">Næringsoppgave 2</CategoryDescription>
		<CategoryDescription ISOLanguageCode="ENG">Income Statement 2</CategoryDescription>
		<GroupingCode>2320</GroupingCode>
		<CodeDescription ISOLanguageCode="NOB">Obligasjonslån</CodeDescription>
		<CodeDescription ISOLanguageCode="ENG">NA</CodeDescription>
	</Account>
	<Account>
		<GroupingCategory>RF-1167</GroupingCategory>
		<CategoryDescription ISOLanguageCode="NOB">Næringsoppgave 2</CategoryDescription>
		<CategoryDescription ISOLanguageCode="ENG">Income Statement 2</CategoryDescription>
		<GroupingCode>2330</GroupingCode>
		<CodeDescription ISOLanguageCode="NOB">Derivater</CodeDescription>
		<CodeDescription ISOLanguageCode="ENG">NA</CodeDescription>
	</Account>
	<Account>
		<GroupingCategory>RF-1167</GroupingCategory>
		<CategoryDescription ISOLanguageCode="NOB">Næringsoppgave 2</CategoryDescription>
		<CategoryDescription ISOLanguageCode="ENG">Income Statement 2</CategoryDescription>
		<GroupingCode>2380</GroupingCode>
		<CodeDescription ISOLanguageCode="NOB">Gjeld til kredittinstitusjoner</CodeDescription>
		<CodeDescription ISOLanguageCode="ENG">NA</CodeDescription>
	</Account>
	<Account>
		<GroupingCategory>RF-1167</GroupingCategory>
		<CategoryDescription ISOLanguageCode="NOB">Næringsoppgave 2</CategoryDescription>
		<CategoryDescription ISOLanguageCode="ENG">Income Statement 2</CategoryDescription>
		<GroupingCode>2400</GroupingCode>
		<CodeDescription ISOLanguageCode="NOB">Leverandørgjeld</CodeDescription>
		<CodeDescription ISOLanguageCode="ENG">NA</CodeDescription>
	</Account>
	<Account>
		<GroupingCategory>RF-1167</GroupingCategory>
		<CategoryDescription ISOLanguageCode="NOB">Næringsoppgave 2</CategoryDescription>
		<CategoryDescription ISOLanguageCode="ENG">Income Statement 2</CategoryDescription>
		<GroupingCode>2460</GroupingCode>
		<CodeDescription ISOLanguageCode="NOB">Leverandørgjeld til selskap i samme konsern</CodeDescription>
		<CodeDescription ISOLanguageCode="ENG">NA</CodeDescription>
	</Account>
	<Account>
		<GroupingCategory>RF-1167</GroupingCategory>
		<CategoryDescription ISOLanguageCode="NOB">Næringsoppgave 2</CategoryDescription>
		<CategoryDescription ISOLanguageCode="ENG">Income Statement 2</CategoryDescription>
		<GroupingCode>2500</GroupingCode>
		<CodeDescription ISOLanguageCode="NOB">Betalbar skatt, ikke fastsatt</CodeDescription>
		<CodeDescription ISOLanguageCode="ENG">NA</CodeDescription>
	</Account>
	<Account>
		<GroupingCategory>RF-1167</GroupingCategory>
		<CategoryDescription ISOLanguageCode="NOB">Næringsoppgave 2</CategoryDescription>
		<CategoryDescription ISOLanguageCode="ENG">Income Statement 2</CategoryDescription>
		<GroupingCode>2510</GroupingCode>
		<CodeDescription ISOLanguageCode="NOB">Betalbar skatt, fastsatt</CodeDescription>
		<CodeDescription ISOLanguageCode="ENG">NA</CodeDescription>
	</Account>
	<Account>
		<GroupingCategory>RF-1167</GroupingCategory>
		<CategoryDescription ISOLanguageCode="NOB">Næringsoppgave 2</CategoryDescription>
		<CategoryDescription ISOLanguageCode="ENG">Income Statement 2</CategoryDescription>
		<GroupingCode>2600</GroupingCode>
		<CodeDescription ISOLanguageCode="NOB">Skattetrekk og andre trekk</CodeDescription>
		<CodeDescription ISOLanguageCode="ENG">NA</CodeDescription>
	</Account>
	<Account>
		<GroupingCategory>RF-1167</GroupingCategory>
		<CategoryDescription ISOLanguageCode="NOB">Næringsoppgave 2</CategoryDescription>
		<CategoryDescription ISOLanguageCode="ENG">Income Statement 2</CategoryDescription>
		<GroupingCode>2740</GroupingCode>
		<CodeDescription ISOLanguageCode="NOB">Skyldig merverdiavgift</CodeDescription>
		<CodeDescription ISOLanguageCode="ENG">NA</CodeDescription>
	</Account>
	<Account>
		<GroupingCategory>RF-1167</GroupingCategory>
		<CategoryDescription ISOLanguageCode="NOB">Næringsoppgave 2</CategoryDescription>
		<CategoryDescription ISOLanguageCode="ENG">Income Statement 2</CategoryDescription>
		<GroupingCode>2770</GroupingCode>
		<CodeDescription ISOLanguageCode="NOB">Skyldig arbeidsgiveravgift</CodeDescription>
		<CodeDescription ISOLanguageCode="ENG">NA</CodeDescription>
	</Account>
	<Account>
		<GroupingCategory>RF-1167</GroupingCategory>
		<CategoryDescription ISOLanguageCode="NOB">Næringsoppgave 2</CategoryDescription>
		<CategoryDescription ISOLanguageCode="ENG">Income Statement 2</CategoryDescription>
		<GroupingCode>2790</GroupingCode>
		<CodeDescription ISOLanguageCode="NOB">Andre offentlige avgifter</CodeDescription>
		<CodeDescription ISOLanguageCode="ENG">NA</CodeDescription>
	</Account>
	<Account>
		<GroupingCategory>RF-1167</GroupingCategory>
		<CategoryDescription ISOLanguageCode="NOB">Næringsoppgave 2</CategoryDescription>
		<CategoryDescription ISOLanguageCode="ENG">Income Statement 2</CategoryDescription>
		<GroupingCode>2800</GroupingCode>
		<CodeDescription ISOLanguageCode="NOB">Avsatt utbytte</CodeDescription>
		<CodeDescription ISOLanguageCode="ENG">NA</CodeDescription>
	</Account>
	<Account>
		<GroupingCategory>RF-1167</GroupingCategory>
		<CategoryDescription ISOLanguageCode="NOB">Næringsoppgave 2</CategoryDescription>
		<CategoryDescription ISOLanguageCode="ENG">Income Statement 2</CategoryDescription>
		<GroupingCode>2900</GroupingCode>
		<CodeDescription ISOLanguageCode="NOB">Forskudd fra kunder</CodeDescription>
		<CodeDescription ISOLanguageCode="ENG">NA</CodeDescription>
	</Account>
	<Account>
		<GroupingCategory>RF-1167</GroupingCategory>
		<CategoryDescription ISOLanguageCode="NOB">Næringsoppgave 2</CategoryDescription>
		<CategoryDescription ISOLanguageCode="ENG">Income Statement 2</CategoryDescription>
		<GroupingCode>2910</GroupingCode>
		<CodeDescription ISOLanguageCode="NOB">Gjeld til ansatte og personlige eiere</CodeDescription>
		<CodeDescription ISOLanguageCode="ENG">NA</CodeDescription>
	</Account>
	<Account>
		<GroupingCategory>RF-1167</GroupingCategory>
		<CategoryDescription ISOLanguageCode="NOB">Næringsoppgave 2</CategoryDescription>
		<CategoryDescription ISOLanguageCode="ENG">Income Statement 2</CategoryDescription>
		<GroupingCode>2920</GroupingCode>
		<CodeDescription ISOLanguageCode="NOB">Gjeld til selskap i samme konsern</CodeDescription>
		<CodeDescription ISOLanguageCode="ENG">NA</CodeDescription>
	</Account>
	<Account>
		<GroupingCategory>RF-1167</GroupingCategory>
		<CategoryDescription ISOLanguageCode="NOB">Næringsoppgave 2</CategoryDescription>
		<CategoryDescription ISOLanguageCode="ENG">Income Statement 2</CategoryDescription>
		<GroupingCode>2949</GroupingCode>
		<CodeDescription ISOLanguageCode="NOB">Lønn, feriepenger o.l.</CodeDescription>
		<CodeDescription ISOLanguageCode="ENG">NA</CodeDescription>
	</Account>
	<Account>
		<GroupingCategory>RF-1167</GroupingCategory>
		<CategoryDescription ISOLanguageCode="NOB">Næringsoppgave 2</CategoryDescription>
		<CategoryDescription ISOLanguageCode="ENG">Income Statement 2</CategoryDescription>
		<GroupingCode>2950</GroupingCode>
		<CodeDescription ISOLanguageCode="NOB">Påløpt rente</CodeDescription>
		<CodeDescription ISOLanguageCode="ENG">NA</CodeDescription>
	</Account>
	<Account>
		<GroupingCategory>RF-1167</GroupingCategory>
		<CategoryDescription ISOLanguageCode="NOB">Næringsoppgave 2</CategoryDescription>
		<CategoryDescription ISOLanguageCode="ENG">Income Statement 2</CategoryDescription>
		<GroupingCode>2970</GroupingCode>
		<CodeDescription ISOLanguageCode="NOB">Uopptjent inntekt</CodeDescription>
		<CodeDescription ISOLanguageCode="ENG">NA</CodeDescription>
	</Account>
	<Account>
		<GroupingCategory>RF-1167</GroupingCategory>
		<CategoryDescription ISOLanguageCode="NOB">Næringsoppgave 2</CategoryDescription>
		<CategoryDescription ISOLanguageCode="ENG">Income Statement 2</CategoryDescription>
		<GroupingCode>2980</GroupingCode>
		<CodeDescription ISOLanguageCode="NOB">Avsetninger for forpliktelser</CodeDescription>
		<CodeDescription ISOLanguageCode="ENG">NA</CodeDescription>
	</Account>
	<Account>
		<GroupingCategory>RF-1167</GroupingCategory>
		<CategoryDescription ISOLanguageCode="NOB">Næringsoppgave 2</CategoryDescription>
		<CategoryDescription ISOLanguageCode="ENG">Income Statement 2</CategoryDescription>
		<GroupingCode>2990</GroupingCode>
		<CodeDescription ISOLanguageCode="NOB">Annen kortsiktig gjeld</CodeDescription>
		<CodeDescription ISOLanguageCode="ENG">NA</CodeDescription>
	</Account>
	<Account>
		<GroupingCategory>RF-1167</GroupingCategory>
		<CategoryDescription ISOLanguageCode="NOB">Næringsoppgave 2</CategoryDescription>
		<CategoryDescription ISOLanguageCode="ENG">Income Statement 2</CategoryDescription>
		<GroupingCode>3000</GroupingCode>
		<CodeDescription ISOLanguageCode="NOB">Salgsinntekt og uttak, avgiftspliktig</CodeDescription>
		<CodeDescription ISOLanguageCode="ENG">NA</CodeDescription>
	</Account>
	<Account>
		<GroupingCategory>RF-1167</GroupingCategory>
		<CategoryDescription ISOLanguageCode="NOB">Næringsoppgave 2</CategoryDescription>
		<CategoryDescription ISOLanguageCode="ENG">Income Statement 2</CategoryDescription>
		<GroupingCode>3100</GroupingCode>
		<CodeDescription ISOLanguageCode="NOB">Salgsinntekt og uttak, avgiftsfri</CodeDescription>
		<CodeDescription ISOLanguageCode="ENG">NA</CodeDescription>
	</Account>
	<Account>
		<GroupingCategory>RF-1167</GroupingCategory>
		<CategoryDescription ISOLanguageCode="NOB">Næringsoppgave 2</CategoryDescription>
		<CategoryDescription ISOLanguageCode="ENG">Income Statement 2</CategoryDescription>
		<GroupingCode>3200</GroupingCode>
		<CodeDescription ISOLanguageCode="NOB">Salgsinntekt og uttak utenfor merverdiavgiftsloven</CodeDescription>
		<CodeDescription ISOLanguageCode="ENG">NA</CodeDescription>
	</Account>
	<Account>
		<GroupingCategory>RF-1167</GroupingCategory>
		<CategoryDescription ISOLanguageCode="NOB">Næringsoppgave 2</CategoryDescription>
		<CategoryDescription ISOLanguageCode="ENG">Income Statement 2</CategoryDescription>
		<GroupingCode>3300</GroupingCode>
		<CodeDescription ISOLanguageCode="NOB">Spesielle offentlige avgifter ÷ vedrørende salg</CodeDescription>
		<CodeDescription ISOLanguageCode="ENG">NA</CodeDescription>
	</Account>
	<Account>
		<GroupingCategory>RF-1167</GroupingCategory>
		<CategoryDescription ISOLanguageCode="NOB">Næringsoppgave 2</CategoryDescription>
		<CategoryDescription ISOLanguageCode="ENG">Income Statement 2</CategoryDescription>
		<GroupingCode>3400</GroupingCode>
		<CodeDescription ISOLanguageCode="NOB">Offentlig tilskudd/refusjon</CodeDescription>
		<CodeDescription ISOLanguageCode="ENG">NA</CodeDescription>
	</Account>
	<Account>
		<GroupingCategory>RF-1167</GroupingCategory>
		<CategoryDescription ISOLanguageCode="NOB">Næringsoppgave 2</CategoryDescription>
		<CategoryDescription ISOLanguageCode="ENG">Income Statement 2</CategoryDescription>
		<GroupingCode>3410</GroupingCode>
		<CodeDescription ISOLanguageCode="NOB">Tilskudd kompensasjonsordning</CodeDescription>
		<CodeDescription ISOLanguageCode="ENG">NA</CodeDescription>
	</Account>
	<Account>
		<GroupingCategory>RF-1167</GroupingCategory>
		<CategoryDescription ISOLanguageCode="NOB">Næringsoppgave 2</CategoryDescription>
		<CategoryDescription ISOLanguageCode="ENG">Income Statement 2</CategoryDescription>
		<GroupingCode>3500</GroupingCode>
		<CodeDescription ISOLanguageCode="NOB">Endring uopptjent inntekt</CodeDescription>
		<CodeDescription ISOLanguageCode="ENG">NA</CodeDescription>
	</Account>
	<Account>
		<GroupingCategory>RF-1167</GroupingCategory>
		<CategoryDescription ISOLanguageCode="NOB">Næringsoppgave 2</CategoryDescription>
		<CategoryDescription ISOLanguageCode="ENG">Income Statement 2</CategoryDescription>
		<GroupingCode>3600</GroupingCode>
		<CodeDescription ISOLanguageCode="NOB">Leieinntekt fast eiendom</CodeDescription>
		<CodeDescription ISOLanguageCode="ENG">NA</CodeDescription>
	</Account>
	<Account>
		<GroupingCategory>RF-1167</GroupingCategory>
		<CategoryDescription ISOLanguageCode="NOB">Næringsoppgave 2</CategoryDescription>
		<CategoryDescription ISOLanguageCode="ENG">Income Statement 2</CategoryDescription>
		<GroupingCode>3695</GroupingCode>
		<CodeDescription ISOLanguageCode="NOB">Annen leieinntekt</CodeDescription>
		<CodeDescription ISOLanguageCode="ENG">NA</CodeDescription>
	</Account>
	<Account>
		<GroupingCategory>RF-1167</GroupingCategory>
		<CategoryDescription ISOLanguageCode="NOB">Næringsoppgave 2</CategoryDescription>
		<CategoryDescription ISOLanguageCode="ENG">Income Statement 2</CategoryDescription>
		<GroupingCode>3700</GroupingCode>
		<CodeDescription ISOLanguageCode="NOB">Provisjonsinntekt</CodeDescription>
		<CodeDescription ISOLanguageCode="ENG">NA</CodeDescription>
	</Account>
	<Account>
		<GroupingCategory>RF-1167</GroupingCategory>
		<CategoryDescription ISOLanguageCode="NOB">Næringsoppgave 2</CategoryDescription>
		<CategoryDescription ISOLanguageCode="ENG">Income Statement 2</CategoryDescription>
		<GroupingCode>3850</GroupingCode>
		<CodeDescription ISOLanguageCode="NOB">Verdiendringer investeringseiendommer</CodeDescription>
		<CodeDescription ISOLanguageCode="ENG">NA</CodeDescription>
	</Account>
	<Account>
		<GroupingCategory>RF-1167</GroupingCategory>
		<CategoryDescription ISOLanguageCode="NOB">Næringsoppgave 2</CategoryDescription>
		<CategoryDescription ISOLanguageCode="ENG">Income Statement 2</CategoryDescription>
		<GroupingCode>3870</GroupingCode>
		<CodeDescription ISOLanguageCode="NOB">Verdiendringer biologiske eiendeler</CodeDescription>
		<CodeDescription ISOLanguageCode="ENG">NA</CodeDescription>
	</Account>
	<Account>
		<GroupingCategory>RF-1167</GroupingCategory>
		<CategoryDescription ISOLanguageCode="NOB">Næringsoppgave 2</CategoryDescription>
		<CategoryDescription ISOLanguageCode="ENG">Income Statement 2</CategoryDescription>
		<GroupingCode>3880</GroupingCode>
		<CodeDescription ISOLanguageCode="NOB">Gevinst ved avgang av immatr. eiendeler og varige driftsmidler</CodeDescription>
		<CodeDescription ISOLanguageCode="ENG">NA</CodeDescription>
	</Account>
	<Account>
		<GroupingCategory>RF-1167</GroupingCategory>
		<CategoryDescription ISOLanguageCode="NOB">Næringsoppgave 2</CategoryDescription>
		<CategoryDescription ISOLanguageCode="ENG">Income Statement 2</CategoryDescription>
		<GroupingCode>3885</GroupingCode>
		<CodeDescription ISOLanguageCode="NOB">Gevinst ved avgang av finansielle anleggsmidler</CodeDescription>
		<CodeDescription ISOLanguageCode="ENG">NA</CodeDescription>
	</Account>
	<Account>
		<GroupingCategory>RF-1167</GroupingCategory>
		<CategoryDescription ISOLanguageCode="NOB">Næringsoppgave 2</CategoryDescription>
		<CategoryDescription ISOLanguageCode="ENG">Income Statement 2</CategoryDescription>
		<GroupingCode>3900</GroupingCode>
		<CodeDescription ISOLanguageCode="NOB">Annen driftsrelatert inntekt</CodeDescription>
		<CodeDescription ISOLanguageCode="ENG">NA</CodeDescription>
	</Account>
	<Account>
		<GroupingCategory>RF-1167</GroupingCategory>
		<CategoryDescription ISOLanguageCode="NOB">Næringsoppgave 2</CategoryDescription>
		<CategoryDescription ISOLanguageCode="ENG">Income Statement 2</CategoryDescription>
		<GroupingCode>4005</GroupingCode>
		<CodeDescription ISOLanguageCode="NOB">Varekostnad</CodeDescription>
		<CodeDescription ISOLanguageCode="ENG">NA</CodeDescription>
	</Account>
	<Account>
		<GroupingCategory>RF-1167</GroupingCategory>
		<CategoryDescription ISOLanguageCode="NOB">Næringsoppgave 2</CategoryDescription>
		<CategoryDescription ISOLanguageCode="ENG">Income Statement 2</CategoryDescription>
		<GroupingCode>4295</GroupingCode>
		<CodeDescription ISOLanguageCode="NOB">Beholdn.endring av varer under tilvirkning og ferdig tilv. varer</CodeDescription>
		<CodeDescription ISOLanguageCode="ENG">NA</CodeDescription>
	</Account>
	<Account>
		<GroupingCategory>RF-1167</GroupingCategory>
		<CategoryDescription ISOLanguageCode="NOB">Næringsoppgave 2</CategoryDescription>
		<CategoryDescription ISOLanguageCode="ENG">Income Statement 2</CategoryDescription>
		<GroupingCode>4500</GroupingCode>
		<CodeDescription ISOLanguageCode="NOB">Fremmedytelse og underentreprise</CodeDescription>
		<CodeDescription ISOLanguageCode="ENG">NA</CodeDescription>
	</Account>
	<Account>
		<GroupingCategory>RF-1167</GroupingCategory>
		<CategoryDescription ISOLanguageCode="NOB">Næringsoppgave 2</CategoryDescription>
		<CategoryDescription ISOLanguageCode="ENG">Income Statement 2</CategoryDescription>
		<GroupingCode>4995</GroupingCode>
		<CodeDescription ISOLanguageCode="NOB">Beholdn.endring av egentilvirkede anleggsmidler</CodeDescription>
		<CodeDescription ISOLanguageCode="ENG">NA</CodeDescription>
	</Account>
	<Account>
		<GroupingCategory>RF-1167</GroupingCategory>
		<CategoryDescription ISOLanguageCode="NOB">Næringsoppgave 2</CategoryDescription>
		<CategoryDescription ISOLanguageCode="ENG">Income Statement 2</CategoryDescription>
		<GroupingCode>5000</GroupingCode>
		<CodeDescription ISOLanguageCode="NOB">Lønn, feriepenger mv.</CodeDescription>
		<CodeDescription ISOLanguageCode="ENG">NA</CodeDescription>
	</Account>
	<Account>
		<GroupingCategory>RF-1167</GroupingCategory>
		<CategoryDescription ISOLanguageCode="NOB">Næringsoppgave 2</CategoryDescription>
		<CategoryDescription ISOLanguageCode="ENG">Income Statement 2</CategoryDescription>
		<GroupingCode>5300</GroupingCode>
		<CodeDescription ISOLanguageCode="NOB">Annen opplysningspliktig godtgjørelse</CodeDescription>
		<CodeDescription ISOLanguageCode="ENG">NA</CodeDescription>
	</Account>
	<Account>
		<GroupingCategory>RF-1167</GroupingCategory>
		<CategoryDescription ISOLanguageCode="NOB">Næringsoppgave 2</CategoryDescription>
		<CategoryDescription ISOLanguageCode="ENG">Income Statement 2</CategoryDescription>
		<GroupingCode>5400</GroupingCode>
		<CodeDescription ISOLanguageCode="NOB">Arbeidsgiveravgift</CodeDescription>
		<CodeDescription ISOLanguageCode="ENG">NA</CodeDescription>
	</Account>
	<Account>
		<GroupingCategory>RF-1167</GroupingCategory>
		<CategoryDescription ISOLanguageCode="NOB">Næringsoppgave 2</CategoryDescription>
		<CategoryDescription ISOLanguageCode="ENG">Income Statement 2</CategoryDescription>
		<GroupingCode>5420</GroupingCode>
		<CodeDescription ISOLanguageCode="NOB">Opplysningspliktig pensjonskostnad</CodeDescription>
		<CodeDescription ISOLanguageCode="ENG">NA</CodeDescription>
	</Account>
	<Account>
		<GroupingCategory>RF-1167</GroupingCategory>
		<CategoryDescription ISOLanguageCode="NOB">Næringsoppgave 2</CategoryDescription>
		<CategoryDescription ISOLanguageCode="ENG">Income Statement 2</CategoryDescription>
		<GroupingCode>5600</GroupingCode>
		<CodeDescription ISOLanguageCode="NOB">Arbeidsgodtgjørelse til eiere i ANS mv.</CodeDescription>
		<CodeDescription ISOLanguageCode="ENG">NA</CodeDescription>
	</Account>
	<Account>
		<GroupingCategory>RF-1167</GroupingCategory>
		<CategoryDescription ISOLanguageCode="NOB">Næringsoppgave 2</CategoryDescription>
		<CategoryDescription ISOLanguageCode="ENG">Income Statement 2</CategoryDescription>
		<GroupingCode>5900</GroupingCode>
		<CodeDescription ISOLanguageCode="NOB">Annen personalkostnad</CodeDescription>
		<CodeDescription ISOLanguageCode="ENG">NA</CodeDescription>
	</Account>
	<Account>
		<GroupingCategory>RF-1167</GroupingCategory>
		<CategoryDescription ISOLanguageCode="NOB">Næringsoppgave 2</CategoryDescription>
		<CategoryDescription ISOLanguageCode="ENG">Income Statement 2</CategoryDescription>
		<GroupingCode>6000</GroupingCode>
		<CodeDescription ISOLanguageCode="NOB">Avskrivning på varige dr.m. og immaterielle eiendeler</CodeDescription>
		<CodeDescription ISOLanguageCode="ENG">NA</CodeDescription>
	</Account>
	<Account>
		<GroupingCategory>RF-1167</GroupingCategory>
		<CategoryDescription ISOLanguageCode="NOB">Næringsoppgave 2</CategoryDescription>
		<CategoryDescription ISOLanguageCode="ENG">Income Statement 2</CategoryDescription>
		<GroupingCode>6050</GroupingCode>
		<CodeDescription ISOLanguageCode="NOB">Nedskrivning på varige dr.m. og immaterielle eiendeler</CodeDescription>
		<CodeDescription ISOLanguageCode="ENG">NA</CodeDescription>
	</Account>
	<Account>
		<GroupingCategory>RF-1167</GroupingCategory>
		<CategoryDescription ISOLanguageCode="NOB">Næringsoppgave 2</CategoryDescription>
		<CategoryDescription ISOLanguageCode="ENG">Income Statement 2</CategoryDescription>
		<GroupingCode>6100</GroupingCode>
		<CodeDescription ISOLanguageCode="NOB">Frakt og transportkostnad vedrørende salg</CodeDescription>
		<CodeDescription ISOLanguageCode="ENG">NA</CodeDescription>
	</Account>
	<Account>
		<GroupingCategory>RF-1167</GroupingCategory>
		<CategoryDescription ISOLanguageCode="NOB">Næringsoppgave 2</CategoryDescription>
		<CategoryDescription ISOLanguageCode="ENG">Income Statement 2</CategoryDescription>
		<GroupingCode>6200</GroupingCode>
		<CodeDescription ISOLanguageCode="NOB">Energi, brensel mv. vedrørende produksjon</CodeDescription>
		<CodeDescription ISOLanguageCode="ENG">NA</CodeDescription>
	</Account>
	<Account>
		<GroupingCategory>RF-1167</GroupingCategory>
		<CategoryDescription ISOLanguageCode="NOB">Næringsoppgave 2</CategoryDescription>
		<CategoryDescription ISOLanguageCode="ENG">Income Statement 2</CategoryDescription>
		<GroupingCode>6300</GroupingCode>
		<CodeDescription ISOLanguageCode="NOB">Leie lokale</CodeDescription>
		<CodeDescription ISOLanguageCode="ENG">NA</CodeDescription>
	</Account>
	<Account>
		<GroupingCategory>RF-1167</GroupingCategory>
		<CategoryDescription ISOLanguageCode="NOB">Næringsoppgave 2</CategoryDescription>
		<CategoryDescription ISOLanguageCode="ENG">Income Statement 2</CategoryDescription>
		<GroupingCode>6340</GroupingCode>
		<CodeDescription ISOLanguageCode="NOB">Lys, varme</CodeDescription>
		<CodeDescription ISOLanguageCode="ENG">NA</CodeDescription>
	</Account>
	<Account>
		<GroupingCategory>RF-1167</GroupingCategory>
		<CategoryDescription ISOLanguageCode="NOB">Næringsoppgave 2</CategoryDescription>
		<CategoryDescription ISOLanguageCode="ENG">Income Statement 2</CategoryDescription>
		<GroupingCode>6395</GroupingCode>
		<CodeDescription ISOLanguageCode="NOB">Renovasjon, vann, avløp, renhold mv.</CodeDescription>
		<CodeDescription ISOLanguageCode="ENG">NA</CodeDescription>
	</Account>
	<Account>
		<GroupingCategory>RF-1167</GroupingCategory>
		<CategoryDescription ISOLanguageCode="NOB">Næringsoppgave 2</CategoryDescription>
		<CategoryDescription ISOLanguageCode="ENG">Income Statement 2</CategoryDescription>
		<GroupingCode>6400</GroupingCode>
		<CodeDescription ISOLanguageCode="NOB">Leie maskiner, inventar, transportmidler o.l.</CodeDescription>
		<CodeDescription ISOLanguageCode="ENG">NA</CodeDescription>
	</Account>
	<Account>
		<GroupingCategory>RF-1167</GroupingCategory>
		<CategoryDescription ISOLanguageCode="NOB">Næringsoppgave 2</CategoryDescription>
		<CategoryDescription ISOLanguageCode="ENG">Income Statement 2</CategoryDescription>
		<GroupingCode>6500</GroupingCode>
		<CodeDescription ISOLanguageCode="NOB">Verktøy, inventar mv. som ikke skal aktiveres</CodeDescription>
		<CodeDescription ISOLanguageCode="ENG">NA</CodeDescription>
	</Account>
	<Account>
		<GroupingCategory>RF-1167</GroupingCategory>
		<CategoryDescription ISOLanguageCode="NOB">Næringsoppgave 2</CategoryDescription>
		<CategoryDescription ISOLanguageCode="ENG">Income Statement 2</CategoryDescription>
		<GroupingCode>6600</GroupingCode>
		<CodeDescription ISOLanguageCode="NOB">Reparasjon og vedlikehold bygning</CodeDescription>
		<CodeDescription ISOLanguageCode="ENG">NA</CodeDescription>
	</Account>
	<Account>
		<GroupingCategory>RF-1167</GroupingCategory>
		<CategoryDescription ISOLanguageCode="NOB">Næringsoppgave 2</CategoryDescription>
		<CategoryDescription ISOLanguageCode="ENG">Income Statement 2</CategoryDescription>
		<GroupingCode>6695</GroupingCode>
		<CodeDescription ISOLanguageCode="NOB">Reparasjon og annet vedlikehold</CodeDescription>
		<CodeDescription ISOLanguageCode="ENG">NA</CodeDescription>
	</Account>
	<Account>
		<GroupingCategory>RF-1167</GroupingCategory>
		<CategoryDescription ISOLanguageCode="NOB">Næringsoppgave 2</CategoryDescription>
		<CategoryDescription ISOLanguageCode="ENG">Income Statement 2</CategoryDescription>
		<GroupingCode>6700</GroupingCode>
		<CodeDescription ISOLanguageCode="NOB">Fremmed tjeneste (regnskap rev.hon., rådgivning o.l.)</CodeDescription>
		<CodeDescription ISOLanguageCode="ENG">NA</CodeDescription>
	</Account>
	<Account>
		<GroupingCategory>RF-1167</GroupingCategory>
		<CategoryDescription ISOLanguageCode="NOB">Næringsoppgave 2</CategoryDescription>
		<CategoryDescription ISOLanguageCode="ENG">Income Statement 2</CategoryDescription>
		<GroupingCode>6995</GroupingCode>
		<CodeDescription ISOLanguageCode="NOB">Elektronisk kommunikasjon, porto mv.</CodeDescription>
		<CodeDescription ISOLanguageCode="ENG">NA</CodeDescription>
	</Account>
	<Account>
		<GroupingCategory>RF-1167</GroupingCategory>
		<CategoryDescription ISOLanguageCode="NOB">Næringsoppgave 2</CategoryDescription>
		<CategoryDescription ISOLanguageCode="ENG">Income Statement 2</CategoryDescription>
		<GroupingCode>7000</GroupingCode>
		<CodeDescription ISOLanguageCode="NOB">Drivstoff transportmidler</CodeDescription>
		<CodeDescription ISOLanguageCode="ENG">NA</CodeDescription>
	</Account>
	<Account>
		<GroupingCategory>RF-1167</GroupingCategory>
		<CategoryDescription ISOLanguageCode="NOB">Næringsoppgave 2</CategoryDescription>
		<CategoryDescription ISOLanguageCode="ENG">Income Statement 2</CategoryDescription>
		<GroupingCode>7020</GroupingCode>
		<CodeDescription ISOLanguageCode="NOB">Vedlikehold mv. transportmidler</CodeDescription>
		<CodeDescription ISOLanguageCode="ENG">NA</CodeDescription>
	</Account>
	<Account>
		<GroupingCategory>RF-1167</GroupingCategory>
		<CategoryDescription ISOLanguageCode="NOB">Næringsoppgave 2</CategoryDescription>
		<CategoryDescription ISOLanguageCode="ENG">Income Statement 2</CategoryDescription>
		<GroupingCode>7040</GroupingCode>
		<CodeDescription ISOLanguageCode="NOB">Forsikring og avgifter på transportmidler</CodeDescription>
		<CodeDescription ISOLanguageCode="ENG">NA</CodeDescription>
	</Account>
	<Account>
		<GroupingCategory>RF-1167</GroupingCategory>
		<CategoryDescription ISOLanguageCode="NOB">Næringsoppgave 2</CategoryDescription>
		<CategoryDescription ISOLanguageCode="ENG">Income Statement 2</CategoryDescription>
		<GroupingCode>7080</GroupingCode>
		<CodeDescription ISOLanguageCode="NOB">Bilkostnader, bruk av privat bil i næring</CodeDescription>
		<CodeDescription ISOLanguageCode="ENG">NA</CodeDescription>
	</Account>
	<Account>
		<GroupingCategory>RF-1167</GroupingCategory>
		<CategoryDescription ISOLanguageCode="NOB">Næringsoppgave 2</CategoryDescription>
		<CategoryDescription ISOLanguageCode="ENG">Income Statement 2</CategoryDescription>
		<GroupingCode>7099</GroupingCode>
		<CodeDescription ISOLanguageCode="NOB">Privat bruk av næringsbil</CodeDescription>
		<CodeDescription ISOLanguageCode="ENG">NA</CodeDescription>
	</Account>
	<Account>
		<GroupingCategory>RF-1167</GroupingCategory>
		<CategoryDescription ISOLanguageCode="NOB">Næringsoppgave 2</CategoryDescription>
		<CategoryDescription ISOLanguageCode="ENG">Income Statement 2</CategoryDescription>
		<GroupingCode>7155</GroupingCode>
		<CodeDescription ISOLanguageCode="NOB">Reise-, diett- og bilgodtgjørelse (opplysningspliktig)</CodeDescription>
		<CodeDescription ISOLanguageCode="ENG">NA</CodeDescription>
	</Account>
	<Account>
		<GroupingCategory>RF-1167</GroupingCategory>
		<CategoryDescription ISOLanguageCode="NOB">Næringsoppgave 2</CategoryDescription>
		<CategoryDescription ISOLanguageCode="ENG">Income Statement 2</CategoryDescription>
		<GroupingCode>7165</GroupingCode>
		<CodeDescription ISOLanguageCode="NOB">Reise- og diettkostnader (ikke opplysningspliktig)</CodeDescription>
		<CodeDescription ISOLanguageCode="ENG">NA</CodeDescription>
	</Account>
	<Account>
		<GroupingCategory>RF-1167</GroupingCategory>
		<CategoryDescription ISOLanguageCode="NOB">Næringsoppgave 2</CategoryDescription>
		<CategoryDescription ISOLanguageCode="ENG">Income Statement 2</CategoryDescription>
		<GroupingCode>7295</GroupingCode>
		<CodeDescription ISOLanguageCode="NOB">Provisjonskostnad</CodeDescription>
		<CodeDescription ISOLanguageCode="ENG">NA</CodeDescription>
	</Account>
	<Account>
		<GroupingCategory>RF-1167</GroupingCategory>
		<CategoryDescription ISOLanguageCode="NOB">Næringsoppgave 2</CategoryDescription>
		<CategoryDescription ISOLanguageCode="ENG">Income Statement 2</CategoryDescription>
		<GroupingCode>7330</GroupingCode>
		<CodeDescription ISOLanguageCode="NOB">Salgs- og reklamekostnader</CodeDescription>
		<CodeDescription ISOLanguageCode="ENG">NA</CodeDescription>
	</Account>
	<Account>
		<GroupingCategory>RF-1167</GroupingCategory>
		<CategoryDescription ISOLanguageCode="NOB">Næringsoppgave 2</CategoryDescription>
		<CategoryDescription ISOLanguageCode="ENG">Income Statement 2</CategoryDescription>
		<GroupingCode>7370</GroupingCode>
		<CodeDescription ISOLanguageCode="NOB">Representasjonskostnader</CodeDescription>
		<CodeDescription ISOLanguageCode="ENG">NA</CodeDescription>
	</Account>
	<Account>
		<GroupingCategory>RF-1167</GroupingCategory>
		<CategoryDescription ISOLanguageCode="NOB">Næringsoppgave 2</CategoryDescription>
		<CategoryDescription ISOLanguageCode="ENG">Income Statement 2</CategoryDescription>
		<GroupingCode>7490</GroupingCode>
		<CodeDescription ISOLanguageCode="NOB">Kontingenter</CodeDescription>
		<CodeDescription ISOLanguageCode="ENG">NA</CodeDescription>
	</Account>
	<Account>
		<GroupingCategory>RF-1167</GroupingCategory>
		<CategoryDescription ISOLanguageCode="NOB">Næringsoppgave 2</CategoryDescription>
		<CategoryDescription ISOLanguageCode="ENG">Income Statement 2</CategoryDescription>
		<GroupingCode>7500</GroupingCode>
		<CodeDescription ISOLanguageCode="NOB">Forsikringspremie</CodeDescription>
		<CodeDescription ISOLanguageCode="ENG">NA</CodeDescription>
	</Account>
	<Account>
		<GroupingCategory>RF-1167</GroupingCategory>
		<CategoryDescription ISOLanguageCode="NOB">Næringsoppgave 2</CategoryDescription>
		<CategoryDescription ISOLanguageCode="ENG">Income Statement 2</CategoryDescription>
		<GroupingCode>7565</GroupingCode>
		<CodeDescription ISOLanguageCode="NOB">Garanti- og servicekostnad</CodeDescription>
		<CodeDescription ISOLanguageCode="ENG">NA</CodeDescription>
	</Account>
	<Account>
		<GroupingCategory>RF-1167</GroupingCategory>
		<CategoryDescription ISOLanguageCode="NOB">Næringsoppgave 2</CategoryDescription>
		<CategoryDescription ISOLanguageCode="ENG">Income Statement 2</CategoryDescription>
		<GroupingCode>7600</GroupingCode>
		<CodeDescription ISOLanguageCode="NOB">Lisens, patentkostnad og royalty</CodeDescription>
		<CodeDescription ISOLanguageCode="ENG">NA</CodeDescription>
	</Account>
	<Account>
		<GroupingCategory>RF-1167</GroupingCategory>
		<CategoryDescription ISOLanguageCode="NOB">Næringsoppgave 2</CategoryDescription>
		<CategoryDescription ISOLanguageCode="ENG">Income Statement 2</CategoryDescription>
		<GroupingCode>7700</GroupingCode>
		<CodeDescription ISOLanguageCode="NOB">Annen kostnad</CodeDescription>
		<CodeDescription ISOLanguageCode="ENG">NA</CodeDescription>
	</Account>
	<Account>
		<GroupingCategory>RF-1167</GroupingCategory>
		<CategoryDescription ISOLanguageCode="NOB">Næringsoppgave 2</CategoryDescription>
		<CategoryDescription ISOLanguageCode="ENG">Income Statement 2</CategoryDescription>
		<GroupingCode>7830</GroupingCode>
		<CodeDescription ISOLanguageCode="NOB">Tap på fordringer</CodeDescription>
		<CodeDescription ISOLanguageCode="ENG">NA</CodeDescription>
	</Account>
	<Account>
		<GroupingCategory>RF-1167</GroupingCategory>
		<CategoryDescription ISOLanguageCode="NOB">Næringsoppgave 2</CategoryDescription>
		<CategoryDescription ISOLanguageCode="ENG">Income Statement 2</CategoryDescription>
		<GroupingCode>7880</GroupingCode>
		<CodeDescription ISOLanguageCode="NOB">Tap ved avgang av immatr. eiendeler og varige driftsmidler</CodeDescription>
		<CodeDescription ISOLanguageCode="ENG">NA</CodeDescription>
	</Account>
	<Account>
		<GroupingCategory>RF-1167</GroupingCategory>
		<CategoryDescription ISOLanguageCode="NOB">Næringsoppgave 2</CategoryDescription>
		<CategoryDescription ISOLanguageCode="ENG">Income Statement 2</CategoryDescription>
		<GroupingCode>7885</GroupingCode>
		<CodeDescription ISOLanguageCode="NOB">Tap ved avgang av finansielle anleggsmidler</CodeDescription>
		<CodeDescription ISOLanguageCode="ENG">NA</CodeDescription>
	</Account>
	<Account>
		<GroupingCategory>RF-1167</GroupingCategory>
		<CategoryDescription ISOLanguageCode="NOB">Næringsoppgave 2</CategoryDescription>
		<CategoryDescription ISOLanguageCode="ENG">Income Statement 2</CategoryDescription>
		<GroupingCode>8005</GroupingCode>
		<CodeDescription ISOLanguageCode="NOB">Netto positiv resultatandel vedr. invest. i DS,TS og FKV</CodeDescription>
		<CodeDescription ISOLanguageCode="ENG">NA</CodeDescription>
	</Account>
	<Account>
		<GroupingCategory>RF-1167</GroupingCategory>
		<CategoryDescription ISOLanguageCode="NOB">Næringsoppgave 2</CategoryDescription>
		<CategoryDescription ISOLanguageCode="ENG">Income Statement 2</CategoryDescription>
		<GroupingCode>8030</GroupingCode>
		<CodeDescription ISOLanguageCode="NOB">Renteinntekt fra foretak i samme konsern</CodeDescription>
		<CodeDescription ISOLanguageCode="ENG">NA</CodeDescription>
	</Account>
	<Account>
		<GroupingCategory>RF-1167</GroupingCategory>
		<CategoryDescription ISOLanguageCode="NOB">Næringsoppgave 2</CategoryDescription>
		<CategoryDescription ISOLanguageCode="ENG">Income Statement 2</CategoryDescription>
		<GroupingCode>8050</GroupingCode>
		<CodeDescription ISOLanguageCode="NOB">Annen renteinntekt</CodeDescription>
		<CodeDescription ISOLanguageCode="ENG">NA</CodeDescription>
	</Account>
	<Account>
		<GroupingCategory>RF-1167</GroupingCategory>
		<CategoryDescription ISOLanguageCode="NOB">Næringsoppgave 2</CategoryDescription>
		<CategoryDescription ISOLanguageCode="ENG">Income Statement 2</CategoryDescription>
		<GroupingCode>8060</GroupingCode>
		<CodeDescription ISOLanguageCode="NOB">Valutagevinst (agio)</CodeDescription>
		<CodeDescription ISOLanguageCode="ENG">NA</CodeDescription>
	</Account>
	<Account>
		<GroupingCategory>RF-1167</GroupingCategory>
		<CategoryDescription ISOLanguageCode="NOB">Næringsoppgave 2</CategoryDescription>
		<CategoryDescription ISOLanguageCode="ENG">Income Statement 2</CategoryDescription>
		<GroupingCode>8074</GroupingCode>
		<CodeDescription ISOLanguageCode="NOB">Gevinst v/realisasjon av aksjer, egenkap.bevis og fondsandeler</CodeDescription>
		<CodeDescription ISOLanguageCode="ENG">NA</CodeDescription>
	</Account>
	<Account>
		<GroupingCategory>RF-1167</GroupingCategory>
		<CategoryDescription ISOLanguageCode="NOB">Næringsoppgave 2</CategoryDescription>
		<CategoryDescription ISOLanguageCode="ENG">Income Statement 2</CategoryDescription>
		<GroupingCode>8079</GroupingCode>
		<CodeDescription ISOLanguageCode="NOB">Annen finansinntekt</CodeDescription>
		<CodeDescription ISOLanguageCode="ENG">NA</CodeDescription>
	</Account>
	<Account>
		<GroupingCategory>RF-1167</GroupingCategory>
		<CategoryDescription ISOLanguageCode="NOB">Næringsoppgave 2</CategoryDescription>
		<CategoryDescription ISOLanguageCode="ENG">Income Statement 2</CategoryDescription>
		<GroupingCode>8080</GroupingCode>
		<CodeDescription ISOLanguageCode="NOB">Verdiøkn. av finans. instrumenter vurd. til virkelig verdi</CodeDescription>
		<CodeDescription ISOLanguageCode="ENG">NA</CodeDescription>
	</Account>
	<Account>
		<GroupingCategory>RF-1167</GroupingCategory>
		<CategoryDescription ISOLanguageCode="NOB">Næringsoppgave 2</CategoryDescription>
		<CategoryDescription ISOLanguageCode="ENG">Income Statement 2</CategoryDescription>
		<GroupingCode>8090</GroupingCode>
		<CodeDescription ISOLanguageCode="NOB">Inntekt av andre investeringer/utbytte</CodeDescription>
		<CodeDescription ISOLanguageCode="ENG">NA</CodeDescription>
	</Account>
	<Account>
		<GroupingCategory>RF-1167</GroupingCategory>
		<CategoryDescription ISOLanguageCode="NOB">Næringsoppgave 2</CategoryDescription>
		<CategoryDescription ISOLanguageCode="ENG">Income Statement 2</CategoryDescription>
		<GroupingCode>8006</GroupingCode>
		<CodeDescription ISOLanguageCode="NOB">Netto neg. resultatandel vedr. investering i DS, TS og FKV</CodeDescription>
		<CodeDescription ISOLanguageCode="ENG">NA</CodeDescription>
	</Account>
	<Account>
		<GroupingCategory>RF-1167</GroupingCategory>
		<CategoryDescription ISOLanguageCode="NOB">Næringsoppgave 2</CategoryDescription>
		<CategoryDescription ISOLanguageCode="ENG">Income Statement 2</CategoryDescription>
		<GroupingCode>8100</GroupingCode>
		<CodeDescription ISOLanguageCode="NOB">Verdired. av finans. instrumenter vurd. til virkelig verdi</CodeDescription>
		<CodeDescription ISOLanguageCode="ENG">NA</CodeDescription>
	</Account>
	<Account>
		<GroupingCategory>RF-1167</GroupingCategory>
		<CategoryDescription ISOLanguageCode="NOB">Næringsoppgave 2</CategoryDescription>
		<CategoryDescription ISOLanguageCode="ENG">Income Statement 2</CategoryDescription>
		<GroupingCode>8115</GroupingCode>
		<CodeDescription ISOLanguageCode="NOB">Nedskrivning av finansielle eiendeler</CodeDescription>
		<CodeDescription ISOLanguageCode="ENG">NA</CodeDescription>
	</Account>
	<Account>
		<GroupingCategory>RF-1167</GroupingCategory>
		<CategoryDescription ISOLanguageCode="NOB">Næringsoppgave 2</CategoryDescription>
		<CategoryDescription ISOLanguageCode="ENG">Income Statement 2</CategoryDescription>
		<GroupingCode>8130</GroupingCode>
		<CodeDescription ISOLanguageCode="NOB">Rentekostnad til foretak i samme konsern</CodeDescription>
		<CodeDescription ISOLanguageCode="ENG">NA</CodeDescription>
	</Account>
	<Account>
		<GroupingCategory>RF-1167</GroupingCategory>
		<CategoryDescription ISOLanguageCode="NOB">Næringsoppgave 2</CategoryDescription>
		<CategoryDescription ISOLanguageCode="ENG">Income Statement 2</CategoryDescription>
		<GroupingCode>8150</GroupingCode>
		<CodeDescription ISOLanguageCode="NOB">Annen rentekostnad</CodeDescription>
		<CodeDescription ISOLanguageCode="ENG">NA</CodeDescription>
	</Account>
	<Account>
		<GroupingCategory>RF-1167</GroupingCategory>
		<CategoryDescription ISOLanguageCode="NOB">Næringsoppgave 2</CategoryDescription>
		<CategoryDescription ISOLanguageCode="ENG">Income Statement 2</CategoryDescription>
		<GroupingCode>8160</GroupingCode>
		<CodeDescription ISOLanguageCode="NOB">Valutatap (disagio)</CodeDescription>
		<CodeDescription ISOLanguageCode="ENG">NA</CodeDescription>
	</Account>
	<Account>
		<GroupingCategory>RF-1167</GroupingCategory>
		<CategoryDescription ISOLanguageCode="NOB">Næringsoppgave 2</CategoryDescription>
		<CategoryDescription ISOLanguageCode="ENG">Income Statement 2</CategoryDescription>
		<GroupingCode>8174</GroupingCode>
		<CodeDescription ISOLanguageCode="NOB">Tap ved realisasjon av aksjer,egenkap.bevis og fondsandeler</CodeDescription>
		<CodeDescription ISOLanguageCode="ENG">NA</CodeDescription>
	</Account>
	<Account>
		<GroupingCategory>RF-1167</GroupingCategory>
		<CategoryDescription ISOLanguageCode="NOB">Næringsoppgave 2</CategoryDescription>
		<CategoryDescription ISOLanguageCode="ENG">Income Statement 2</CategoryDescription>
		<GroupingCode>8179</GroupingCode>
		<CodeDescription ISOLanguageCode="NOB">Annen finanskostnad</CodeDescription>
		<CodeDescription ISOLanguageCode="ENG">NA</CodeDescription>
	</Account>
	<Account>
		<GroupingCategory>RF-1167</GroupingCategory>
		<CategoryDescription ISOLanguageCode="NOB">Næringsoppgave 2</CategoryDescription>
		<CategoryDescription ISOLanguageCode="ENG">Income Statement 2</CategoryDescription>
		<GroupingCode>8300</GroupingCode>
		<CodeDescription ISOLanguageCode="NOB">Betalbar skatt</CodeDescription>
		<CodeDescription ISOLanguageCode="ENG">NA</CodeDescription>
	</Account>
	<Account>
		<GroupingCategory>RF-1167</GroupingCategory>
		<CategoryDescription ISOLanguageCode="NOB">Næringsoppgave 2</CategoryDescription>
		<CategoryDescription ISOLanguageCode="ENG">Income Statement 2</CategoryDescription>
		<GroupingCode>8320</GroupingCode>
		<CodeDescription ISOLanguageCode="NOB">Endring utsatt skatt/skattefordel</CodeDescription>
		<CodeDescription ISOLanguageCode="ENG">NA</CodeDescription>
	</Account>
	<Account>
		<GroupingCategory>RF-1167</GroupingCategory>
		<CategoryDescription ISOLanguageCode="NOB">Næringsoppgave 2</CategoryDescription>
		<CategoryDescription ISOLanguageCode="ENG">Income Statement 2</CategoryDescription>
		<GroupingCode>8400</GroupingCode>
		<CodeDescription ISOLanguageCode="NOB">Ekstraordinær inntekt</CodeDescription>
		<CodeDescription ISOLanguageCode="ENG">NA</CodeDescription>
	</Account>
	<Account>
		<GroupingCategory>RF-1167</GroupingCategory>
		<CategoryDescription ISOLanguageCode="NOB">Næringsoppgave 2</CategoryDescription>
		<CategoryDescription ISOLanguageCode="ENG">Income Statement 2</CategoryDescription>
		<GroupingCode>8500</GroupingCode>
		<CodeDescription ISOLanguageCode="NOB">Ekstraordinær kostnad</CodeDescription>
		<CodeDescription ISOLanguageCode="ENG">NA</CodeDescription>
	</Account>
	<Account>
		<GroupingCategory>RF-1167</GroupingCategory>
		<CategoryDescription ISOLanguageCode="NOB">Næringsoppgave 2</CategoryDescription>
		<CategoryDescription ISOLanguageCode="ENG">Income Statement 2</CategoryDescription>
		<GroupingCode>8600</GroupingCode>
		<CodeDescription ISOLanguageCode="NOB">Betalbar skatt</CodeDescription>
		<CodeDescription ISOLanguageCode="ENG">NA</CodeDescription>
	</Account>
	<Account>
		<GroupingCategory>RF-1167</GroupingCategory>
		<CategoryDescription ISOLanguageCode="NOB">Næringsoppgave 2</CategoryDescription>
		<CategoryDescription ISOLanguageCode="ENG">Income Statement 2</CategoryDescription>
		<GroupingCode>8620</GroupingCode>
		<CodeDescription ISOLanguageCode="NOB">Endring utsatt skatt/skattefordel</CodeDescription>
		<CodeDescription ISOLanguageCode="ENG">NA</CodeDescription>
	</Account>
	<Account>
		<GroupingCategory>RF-1167</GroupingCategory>
		<CategoryDescription ISOLanguageCode="NOB">Næringsoppgave 2</CategoryDescription>
		<CategoryDescription ISOLanguageCode="ENG">Income Statement 2</CategoryDescription>
		<GroupingCode>8910</GroupingCode>
		<CodeDescription ISOLanguageCode="NOB">Andre resultatkomponenter for IFRS-foretak</CodeDescription>
		<CodeDescription ISOLanguageCode="ENG">NA</CodeDescription>
	</Account>
	<Account>
		<GroupingCategory>RF-1167</GroupingCategory>
		<CategoryDescription ISOLanguageCode="NOB">Næringsoppgave 2</CategoryDescription>
		<CategoryDescription ISOLanguageCode="ENG">Income Statement 2</CategoryDescription>
		<GroupingCode>9200</GroupingCode>
		<CodeDescription ISOLanguageCode="NOB">Årsresultat/Totalresultat</CodeDescription>
		<CodeDescription ISOLanguageCode="ENG">NA</CodeDescription>
	</Account>
</GroupingCategoryCode>
